name,1.1.1,1.1.2,1.1.3,1.1.4,1.1.5,1.2.1,1.2.2,1.2.3,1.2.4,1.2.5,1.2.6,1.2.7,1.3.1,1.3.2,1.3.3,1.3.4,1.3.5,1.3.6,1.3.7,1.4.1,1.4.2,2.1.1,2.1.2,2.1.3,2.1.4,2.2.1,2.2.2,2.2.3,3.1.1,3.1.2,3.1.3,3.2.1,3.2.2,3.2.3,3.2.4,3.2.5,3.2.6,3.2.7,3.2.8,4.1.1,4.1.2,4.1.3,4.1.4,4.2.1,4.2.2,4.2.3,4.2.4,4.2.5,4.2.6,4.3.1.1,4.3.1.2,4.3.1.3,4.3.2,4.3.3,4.3.4,4.3.5.1,4.3.5.2,4.3.6,4.3.7
Algeria,74.3229689067202,16.1600357621815,91.2715517241379,57.8014184397163,84.4660194174757,0.180171162604474,0.184628369467743,64.3312101910828,15.066129959747,6.13101713353277,43.3333333333333,0.203573328151452,95.6850053937433,94.8507462686567,30.64,0,100,0,0,100,100,32.1608040201005,90.1422764227642,93.8167509836987,99.3246060201784,7.07635009310987,50,0,100,33.3333333333333,50,50,22.8571428571429,66.6666666666667,0,70,33.4096109839817,54.8387096774194,50,68.3673469387755,51.2,33.3333333333333,0,100,44.1176470588235,24.1379310344828,54.1666666666667,62.5,17.0771756978653,0,0,0,50,66.6666666666667,100,100,0,100,0
Argentina,75.827482447342,42.6240500670541,100,90.1891252955083,99.5839112343967,3.11796206396076,15.994091892177,85.3503184713376,35.365152386429,20.3919635572478,80,0.508780936008195,95.6850053937433,92.5373134328358,85,50,100,100,18.595450049456,100,85.0609756097561,44.1206030150754,94.8170731707317,97.6672287802136,99.4596848161428,11.2662942271881,50,50,100,66.6666666666667,100,100,65.7142857142857,66.6666666666667,32.1428571428571,70,46.9107551487414,51.6129032258064,100,98.2993197278912,72,100,50,100,64.7058823529412,31.0344827586207,66.6666666666667,45.8333333333333,57.3070607553366,100,100,0,100,100,100,100,100,100,0
Australia,86.0581745235707,71.9490388913724,82.3275862068965,80.9692671394799,91.5395284327323,9.15870076572744,20.5676003587065,89.8089171974522,70.2127659574468,58.4239869458798,93.3333333333333,0.812745087402189,98.705501618123,99.1044776119403,99,100,100,100,26.4754368611935,100,100,94.070351758794,97.9674796747967,99.2411467116357,99.8499124489285,53.9416511483551,50,100,100,100,100,100,40,100,39.2857142857143,80,94.7368421052632,41.9354838709677,100,100,88.8,100,50,100,52.9411764705882,58.6206896551724,33.3333333333333,8.33333333333333,50.7389162561576,100,100,100,100,100,100,100,100,0,100
Austria,88.7662988966901,63.2990612427358,92.9956896551724,80.8510638297872,95.9778085991678,7.60222211100545,27.1087197341351,92.3566878980892,60.4370327774583,39.70968180582,96.6666666666667,0.630005750376603,97.8425026968716,97.0149253731343,98,100,100,100,15.2983844378503,100,100,69.1457286432161,99.6951219512195,99.5784148397976,99.9182856666389,35.0093109869646,50,50,100,100,100,100,48.5714285714286,100,67.8571428571429,60,92.3340961098398,58.0645161290323,100,100,88,100,50,100,61.7647058823529,51.7241379310345,54.1666666666667,37.5,47.4548440065681,100,100,100,100,100,100,100,100,100,100
Azerbaijan,78.1344032096289,40.6124273580688,71.875,65.7210401891253,78.6407766990291,10.8903458285371,9.26306905101018,85.3503184713376,66.9925244393329,25.6102121294534,93.3333333333333,0.629079253404358,100,95.3731343283582,49,50,100,100,0,100,100,22.8140703517588,93.4959349593496,98.0607082630691,99.7732010339365,6.51769087523278,50,100,100,100,50,50,41.4285714285714,100,35.7142857142857,65,60.4118993135011,14.5161290322581,50,99.6598639455782,71.2,33.3333333333333,25,100,33.8235294117647,46.551724137931,50,35.4166666666667,18.3908045977011,0,0,0,100,66.6666666666667,100,0,0,100,0
Bahrain,97.4924774322969,25.7934734018775,100,83.2151300236407,95.9778085991678,3.14298583654472,12.4175766207733,97.4522292993631,57.5618171362852,29.6216344846342,96.6666666666667,1.58088422189066,100,100,100,100,100,100,65.8094296076492,100,100,23.21608040201,98.1707317073171,95.7560427206296,99.8065538230635,34.2333954065798,50,0,100,66.6666666666667,100,100,5.71428571428571,100,39.2857142857143,70,59.0389016018307,12.9032258064516,100,95.7482993197279,62.4,100,75,100,50,62.0689655172414,62.5,66.6666666666667,31.0344827586207,100,0,0,0,66.6666666666667,100,100,0,100,100
Bangladesh,6.51955867602808,14.0813589628967,64.7629310344827,17.7304964539007,67.5450762829404,13.2525899604624,11.2412301524503,91.7197452229299,16.9637722829212,8.91861571933642,70,0.287165298397246,99.007551240561,92.8805970149254,58,0,100,100,0.19782393669634,95.3181272509003,78.150406504065,46.9346733668342,88.5670731707317,93.6762225969646,99.4930376052697,1.64494103041589,50,0,100,33.3333333333333,50,50,74.2857142857143,33.3333333333333,53.5714285714286,60,34.324942791762,51.6129032258064,100,55.6122448979592,36,100,25,0,73.5294117647059,62.0689655172414,58.3333333333333,58.3333333333333,45.9770114942529,50,100,0,100,100,100,100,100,100,0
Belgium,87.2617853560682,87.594993294591,71.3362068965517,80.9692671394799,94.5908460471567,7.54216505680396,43.0395104710661,92.9936305732484,63.887291546866,43.0666983954311,93.3333333333333,1.6370591962078,100,100,100,0,100,100,5.73689416419387,100,100,71.2562814070352,97.9166666666667,98.6509274873524,99.9116151088135,43.699565487275,50,50,100,100,100,100,60,100,17.8571428571429,40,90.2745995423341,64.5161290322581,100,100,81.6,100,75,100,58.8235294117647,48.2758620689655,33.3333333333333,41.6666666666667,54.0229885057471,100,100,100,100,66.6666666666667,100,100,100,100,0
Botswana,45.5366098294885,3.91148860080465,100,45.2718676122931,91.4008321775312,3.79860867824433,2.47929524713826,66.8789808917197,20.5865439907993,11.9866739189557,78.8888888888889,0.242096096997406,93.5275080906149,92.5373134328358,65,0,100,0,14.0784701615562,66.9867947178872,25.5081300813008,58.2914572864322,92.5813008130081,94.0134907251265,99.2595680813808,11.5456238361266,50,0,66.6666666666667,100,0,50,42.8571428571429,66.6666666666667,64.2857142857143,70,36.6132723112128,3.2258064516129,0,79.9319727891156,61.6,100,25,100,23.5294117647059,68.9655172413793,41.6666666666667,29.1666666666667,27.4220032840722,0,0,0,100,100,100,100,0,100,0
Brazil,74.8244734202608,33.1917746982566,66.3793103448276,87.2340425531915,99.8613037447989,11.8812872228617,23.2684496492061,92.3566878980892,31.512363427257,20.1200027196084,71.1111111111111,0.349850133019365,91.0032362459547,93.3134328358209,83.05,50,100,100,5.20936366633696,100,98.5772357723577,32.6633165829146,96.7987804878049,86.5935919055649,99.661469190361,10.8007448789572,100,100,100,66.6666666666667,100,100,62.8571428571429,66.6666666666667,64.2857142857143,80,54.8054919908467,41.9354838709677,100,88.4353741496599,49.6,66.6666666666667,0,100,61.7647058823529,55.1724137931034,83.3333333333333,75,70.4433497536946,100,0,100,100,100,100,0,100,100,0
Bulgaria,72.0160481444333,59.4099240053643,87.176724137931,83.451536643026,93.0651872399445,22.1910815274511,27.2089465632748,96.8152866242038,75.963197239793,48.8968588523253,95.5555555555556,3.34314241684781,100,100,99.71,50,100,100,23.4421364985163,100,100,33.0653266331658,84.5020325203252,97.0489038785835,99.7681981155674,12.9733085040348,50,50,100,100,100,100,74.2857142857143,100,82.1428571428571,80,79.2906178489702,45.1612903225806,100,97.2789115646259,81.6,100,50,100,26.4705882352941,24.1379310344828,50,16.6666666666667,27.7504105090312,100,100,0,100,66.6666666666667,100,100,100,100,100
Burkina Faso,12.6379137412237,0.0894054537326777,65.4094827586207,39.1252955082742,68.9320388349515,4.4242029928432,3.30748536160785,34.3949044585987,25.4341575618171,5.3176842534675,67.7777777777778,0.0655252792870264,84.8975188781014,0,0,0,0,0,1.68150346191889,56.5426170468187,0,15.2763819095477,25.3048780487805,60.70826306914,92.7741182356375,8.93854748603352,50,0,66.6666666666667,0,0,50,34.2857142857143,33.3333333333333,67.8571428571429,40,11.2128146453089,48.3870967741936,100,0,0,33.3333333333333,75,100,67.6470588235294,48.2758620689655,62.5,66.6666666666667,37.6026272577997,0,0,0,50,100,100,100,0,100,0
Burundi,0,0.0223513634331694,20.7974137931034,36.1702127659574,57.4202496532594,2.59246283969771,2.31049216648204,81.5286624203822,21.0235767682576,0,60,0.241766946757267,0,17.134328358209,20.93,0,0,0,2.93438839432905,62.1848739495798,0.40650406504065,0,32.8760162601626,92.327150084317,46.3236888184774,0.37243947858473,0,0,100,0,0,50,57.1428571428571,33.3333333333333,53.5714285714286,70,0,12.9032258064516,0,46.2585034013605,12,0,0,0,29.4117647058824,13.7931034482759,45.8333333333333,29.1666666666667,27.7504105090312,0,0,0,0,100,100,0,100,50,0
Cambodia,39.8194583751254,2.21278497988377,88.6853448275862,45.6264775413712,74.0638002773925,11.7411540963916,9.15229202932954,95.5414012738854,45.2558941920644,11.5787326624966,77.7777777777778,0.583498040519857,97.8425026968716,77.7611940298507,80.3,50,100,50,4.05539070227498,100,63.0081300813008,29.0452261306533,90.599593495935,94.5193929173693,98.1055615775869,3.01055245189323,50,0,100,66.6666666666667,50,50,74.2857142857143,33.3333333333333,60.7142857142857,80,24.9427917620137,70.9677419354839,0,66.8367346938776,25.6,100,25,0,88.2352941176471,41.3793103448276,45.8333333333333,29.1666666666667,40.8866995073892,0,0,0,50,66.6666666666667,100,0,0,100,33.3333333333333
Cameroon,21.4643931795386,0.0894054537326777,34.375,69.9763593380615,84.3273231622746,2.42730594064361,3.31276045787836,43.9490445859873,22.3116733755032,12.7770601033451,62.2222222222222,0.0261003949680974,90.9600862998921,66.1641791044776,65.48,0,50,0,1.31882624464227,98.7995198079232,32.2154471544715,41.8090452261307,84.9085365853659,82.7150084317032,96.2361377470191,6.14525139664805,50,50,66.6666666666667,33.3333333333333,50,100,25.7142857142857,33.3333333333333,28.5714285714286,30,26.3157894736842,22.5806451612903,0,61.0544217687075,37.6,66.6666666666667,25,0,50,51.7241379310345,66.6666666666667,45.8333333333333,52.7093596059113,50,0,0,50,66.6666666666667,100,0,0,100,0
Canada,91.1735205616851,86.142154671435,56.0344827586207,80.9692671394799,85.4368932038835,24.4532305690406,60.6530569182888,91.0828025477707,61.9321449108683,57.3191460429698,86.6666666666667,0.905187541882844,98.705501618123,99.1044776119403,99,50,100,100,15.13353115727,100,100,69.6482412060301,95.7317073170732,96.9364811691962,99.9366297006587,77.6846679081316,100,100,100,33.3333333333333,100,100,71.4285714285714,66.6666666666667,67.8571428571429,70,94.7368421052632,58.0645161290323,100,100,93.6,100,50,100,58.8235294117647,58.6206896551724,29.1666666666667,20.8333333333333,90.1477832512315,100,100,100,100,100,100,100,100,0,100
Chile,87.4623871614845,38.7572641931158,100,81.7966903073286,96.1165048543689,13.2275661878785,44.3582845386928,90.4458598726115,49.4537090281771,16.4825265161817,85.5555555555556,1.55079745179199,97.8425026968716,92.5373134328358,88,0,100,100,5.27530497856907,100,100,65.3266331658292,87.6524390243902,96.0933108487915,99.5714166597182,22.129112352576,100,100,100,100,100,100,45.7142857142857,100,75,90,66.3615560640732,35.4838709677419,100,93.8775510204082,70.4,100,50,100,76.4705882352941,58.6206896551724,79.1666666666667,50,44.1707717569787,100,0,100,100,100,100,100,100,100,100
China,59.4784353059178,63.723737147966,83.8362068965517,92.789598108747,96.1165048543689,16.280466443121,51.5060399852297,96.8152866242038,83.2087406555492,49.5597633940713,87.7777777777778,0.331368956573014,99.7842502696872,99.1044776119403,99.4,100,100,0,0.164853280580284,100,100,46.7336683417085,93.5975609756098,97.1051152332771,99.694821979488,14.2147734326505,0,50,100,100,100,100,88.5714285714286,66.6666666666667,67.8571428571429,80,68.4210526315789,100,100,94.5578231292517,50.4,100,25,100,100,100,45.8333333333333,29.1666666666667,100,100,0,100,100,66.6666666666667,100,0,100,100,100
Colombia,49.8495486459378,29.9955297273134,99.8922413793103,61.8203309692671,91.2621359223301,6.72639007056704,12.4228517170438,78.9808917197452,41.2880966072455,15.5391623606201,68.8888888888889,1.91466694689136,100,100,98,0,100,0,1.31882624464227,99.0396158463385,85.2642276422764,49.2462311557789,87.3983739837398,93.0297920179876,99.3963145168015,8.78336436995655,50,100,100,66.6666666666667,100,100,65.7142857142857,100,75,40,58.9244851258581,38.7096774193548,100,91.6666666666667,53.6,100,50,100,67.6470588235294,44.8275862068966,50,25,57.3070607553366,50,100,0,100,100,100,100,100,100,100
CÃ´te d'Ivoire,15.6469408224674,1.49754135002235,100,54.9645390070922,85.4368932038835,2.85271007457084,6.06636071108298,13.3757961783439,31.1673375503163,16.4400326353005,82.2222222222222,0.0685485851964558,93.7864077669903,55.2238805970149,55,0,100,50,1.31882624464227,99.3997599039616,30.5894308943089,32.3618090452261,72.7134146341463,39.5165823496346,95.644125740015,6.76598386095593,50,0,66.6666666666667,66.6666666666667,50,50,20,33.3333333333333,28.5714285714286,70,25.5148741418764,19.3548387096774,100,10.2040816326531,28.8,0,25,100,58.8235294117647,41.3793103448276,83.3333333333333,58.3333333333333,34.3185550082102,0,0,0,0,66.6666666666667,100,100,0,100,0
Croatia,81.444332998997,60.1922217255253,73.7068965517241,72.8132387706856,79.6116504854369,6.98163255092338,16.9910850873028,88.5350318471338,72.2829212190914,50.7410932825673,92.2222222222222,1.73218361560811,100,99.1044776119403,98.5,50,100,0,7.94592812396967,100,100,46.8341708542714,96.4939024390244,96.7959527824621,99.8148920203452,23.6809435133457,50,50,100,100,100,100,60,100,71.4285714285714,100,86.1556064073227,61.2903225806452,100,98.8095238095238,78.4,100,25,100,17.6470588235294,17.2413793103448,45.8333333333333,41.6666666666667,52.7093596059113,100,0,0,100,66.6666666666667,100,100,0,100,0
Cuba,17.4523570712136,1.87751452838623,10.9913793103448,69.1489361702128,90.7073509015257,2.85771482908763,1.10249512053595,0,60.6670500287522,25.6782023388632,18.8888888888889,0,68.2847896440129,50.8955223880597,0,0,50,0,2.90141773821299,100,100,29.8492462311558,79.9288617886179,90.9780775716695,95.7308429917452,19.5996275605214,0,0,100,66.6666666666667,50,50,44.7142857142857,66.6666666666667,50,71.5,37.9862700228833,26.2903225806452,0,99.4897959183673,81.6,100,0,0,66.6176470588235,43.1034482758621,67.2916666666667,36.875,44.1707717569787,0,0,0,100,100,0,100,0,100,0
Denmark,96.9909729187563,98.413053196245,94.7198275862069,81.0874704491726,94.5908460471567,45.0277763875682,60.7849343250514,96.1783439490446,86.6589994249569,42.9562143051401,96.6666666666667,1.05567015537476,100,100,100,50,100,100,11.4737883283877,100,100,67.5376884422111,96.6971544715447,98.9038785834739,99.9232885850079,37.6474239602731,100,50,100,100,100,100,51.4285714285714,100,32.1428571428571,30,97.4828375286041,54.8387096774194,100,100,88,100,50,100,38.2352941176471,65.5172413793103,33.3333333333333,29.1666666666667,44.1707717569787,100,0,0,100,100,100,100,100,100,100
Egypt,50.8525576730191,14.8860080464908,62.6077586206896,56.6193853427896,72.2607489597781,1.81172113507832,6.10328638497653,74.5222929936306,26.3369752731455,14.2048545009519,82.2222222222222,0.296966661103621,99.5685005393743,98.0746268656716,89,50,100,100,0.692383778437191,99.8799519807923,99.8983739837398,34.1708542713568,98.2215447154472,98.5947161326588,99.8465771700158,2.88640595903166,50,0,100,0,50,100,45.7142857142857,66.6666666666667,53.5714285714286,70,34.7826086956522,32.258064516129,50,51.0204081632653,45.6,100,0,100,58.8235294117647,62.0689655172414,45.8333333333333,33.3333333333333,41.0509031198686,50,100,0,100,66.6666666666667,100,0,0,100,33.3333333333333
El Salvador,16.8505516549649,17.0764416629414,100,57.8014184397163,78.7794729542302,1.28121715629848,4.58933375534103,73.8853503184713,8.5681426106958,9.18207778079957,87.7777777777778,1.63810760067639,82.740021574973,77.6119402985075,68,0,100,100,0,99.1596638655462,91.4634146341463,43.7185929648241,74.7967479674797,90.6408094435076,98.830984741099,14.7113594040968,100,50,66.6666666666667,66.6666666666667,50,100,60,66.6666666666667,64.2857142857143,90,32.2654462242563,9.67741935483871,100,80.4421768707483,42.4,100,50,50,47.0588235294118,72.4137931034483,54.1666666666667,41.6666666666667,27.7504105090312,0,100,0,0,0,0,100,100,100,0
Estonia,90.4714142427282,74.4747429593205,100,73.9952718676123,93.2038834951456,25.1038486562234,32.1358864799283,94.2675159235669,57.7918343875791,39.2422491161273,98.8888888888889,1.48262677983421,100,100,99,50,100,100,100,100,100,55.5778894472362,96.239837398374,98.3698707138842,99.8649212040357,22.594661700807,50,50,100,100,100,100,82.8571428571429,100,85.7142857142857,60,93.4782608695652,51.6129032258064,100,99.6598639455782,91.2,100,50,100,32.3529411764706,75.8620689655172,29.1666666666667,29.1666666666667,54.0229885057471,100,100,100,100,100,100,100,100,100,100
Ethiopia,17.753259779338,0.0670540902995083,0,44.0898345153664,53.120665742025,8.65322055953155,4.44163105976684,80.8917197452229,31.9148936170213,13.6779303780256,64.4444444444444,0.0102768019421327,67.6375404530744,49.2537313432836,7,0,0,0,0,95.1980792316927,30.4878048780488,2.71356783919598,71.1890243902439,65.7672849915683,96.9815725840073,3.50713842333954,0,0,100,33.3333333333333,50,50,11.4285714285714,100,17.8571428571429,30,25.2860411899314,41.9354838709677,50,18.0272108843537,9.6,100,50,100,76.4705882352941,65.5172413793103,62.5,37.5,25.4515599343186,50,100,100,100,66.6666666666667,100,0,100,50,0
France,82.3470411233701,100,76.7241379310345,78.3687943262411,96.25520110957,43.020869826335,67.1994513899879,86.6242038216561,37.9528464634848,37.389515909709,81.1111111111111,0.659007543757781,97.8425026968716,98.5074626865672,99,50,100,100,8.11078140454995,100,100,81.7085427135678,98.6280487804878,99.0163012928612,99.9116151088135,42.9236499068901,100,100,100,100,100,100,54.2857142857143,100,35.7142857142857,0,93.1350114416476,12.9032258064516,100,100,78.4,33.3333333333333,50,100,11.7647058823529,27.5862068965517,0,0,31.0344827586207,100,0,0,100,100,100,100,100,100,100
Gabon,40.8224674022066,2.9950827000447,100,65.1300236406619,88.3495145631068,2.99784795555778,9.72727752281479,34.3949044585987,41.3053479010926,17.1352325265162,76.6666666666667,0.110545717688327,97.8425026968716,95.5223880597015,97,50,0,0,15.8918562479393,98.1992797118848,33.6382113821138,45.8291457286432,94.1056910569106,96.4305789769533,99.317935462353,17.6908752327747,0,0,66.6666666666667,0,50,50,34.2857142857143,33.3333333333333,25,50,33.5240274599542,29.0322580645161,100,73.9795918367347,53.6,0,25,100,73.5294117647059,51.7241379310345,83.3333333333333,70.8333333333333,63.8752052545156,0,0,0,50,100,100,100,0,100,0
Germany,89.8696088264794,91.7746982565937,99.2456896551724,74.2316784869976,90.0138696255201,9.87938541614534,38.9987867278578,90.4458598726115,47.4985623921794,30.5225047593147,82.2222222222222,0.648742932565284,97.8425026968716,96.2686567164179,97.5,100,100,100,7.94592812396967,100,100,57.9899497487437,97.9674796747967,98.7071388420461,99.8782623196865,35.4748603351955,50,100,100,66.6666666666667,100,100,31.4285714285714,66.6666666666667,28.5714285714286,60,95.9954233409611,48.3870967741936,100,100,100,66.6666666666667,75,100,73.5294117647059,44.8275862068966,33.3333333333333,25,54.0229885057471,100,0,100,100,100,100,100,100,100,100
Ghana,35.3059177532598,0.37997317836388,100,62.1749408983451,74.7572815533981,15.369601121065,15.6775861159466,78.9808917197452,25.9344450833813,12.3436225183574,66.6666666666667,0.214228043332263,93.074433656958,70.1492537313433,34.86,0,0,50,1.12100230794593,91.5966386554622,72.7642276422764,38.9949748743719,83.739837398374,91.849353569421,97.6369548903527,3.97268777157045,50,50,66.6666666666667,66.6666666666667,50,100,51.4285714285714,33.3333333333333,60.7142857142857,30,38.6727688787185,35.4838709677419,50,64.2857142857143,44.8,100,0,100,61.7647058823529,48.2758620689655,66.6666666666667,75,42.6929392446634,0,0,100,100,33.3333333333333,100,100,100,100,33.3333333333333
Greece,70.9127382146439,84.0858292355834,84.5905172413793,73.6406619385343,90.1525658807212,2.17206346028727,11.6948884317139,81.5286624203822,56.8142610695802,34.516929562143,95.5555555555556,1.39562139969067,99.7842502696872,99.5522388059701,98.8,50,100,100,6.26442466205077,100,100,65.1256281407035,89.5833333333333,97.3299606520517,99.8299007754523,18.8702669149597,50,50,100,100,50,100,20,66.6666666666667,85.7142857142857,70,78.4897025171625,41.9354838709677,100,96.0884353741497,71.2,100,75,100,26.4705882352941,24.1379310344828,37.5,41.6666666666667,60.5911330049261,100,0,0,0,66.6666666666667,100,100,100,100,33.3333333333333
Guatemala,23.370110330993,6.95127402771569,87.823275862069,57.2104018912529,75.8668515950069,1.87678294379661,4.01434826185578,75.1592356687898,65.382403680276,15.8961109600218,91.1111111111111,0.135341702445501,100,92.5373134328358,40.35,0,100,100,0,90.2761104441777,93.6991869918699,46.4321608040201,81.5548780487805,77.5154581225407,99.0594513466189,12.4767225325885,0,0,66.6666666666667,66.6666666666667,100,100,28.5714285714286,33.3333333333333,32.1428571428571,80,32.6086956521739,6.45161290322581,100,64.4557823129252,39.2,100,50,0,64.7058823529412,31.0344827586207,50,29.1666666666667,40.8866995073892,0,0,100,50,0,0,100,100,100,0
Honduras,26.2788365095286,8.20295037997318,45.2586206896552,59.338061465721,89.3203883495146,3.06791451879285,5.10101809358021,76.4331210191083,48.073605520414,21.0718656513462,68.8888888888889,0.589373981843829,80.0215749730313,67.7014925373134,67.46,0,50,0,3.6597428288823,82.8331332533013,69.2073170731707,31.2562814070352,49.390243902439,86.5935919055649,97.6019344617694,12.4767225325885,0,50,66.6666666666667,100,100,50,40,33.3333333333333,57.1428571428571,80,38.2151029748284,38.7096774193548,50,78.2312925170068,40,33.3333333333333,50,0,70.5882352941177,24.1379310344828,100,29.1666666666667,47.4548440065681,0,0,0,0,0,0,0,0,100,0
Hong Kong,92.2768304914744,81.7389360751006,100,71.0401891252955,87.2399445214979,75.867073720034,81.2364825658068,91.7197452229299,45.7734330074756,29.0097225999456,93.3333333333333,100,100,98.5074626865672,99,50,100,100,22.3541048466865,100,100,66.0301507537689,97.6117886178862,98.1450252951096,99.9816559659802,32.2160148975791,50,50,100,66.6666666666667,100,100,68.5714285714286,100,53.5714285714286,60,93.2494279176201,41.9354838709677,100,93.1972789115646,83.2,100,0,100,67.6470588235294,51.7241379310345,62.5,37.5,32.512315270936,0,0,0,100,33.3333333333333,100,100,100,100,100
Hungary,83.2497492477432,70.8314707197139,71.3362068965517,81.9148936170213,91.5395284327323,31.6901056003203,65.8226512633856,94.9044585987261,65.3248993674526,37.1855452814795,96.6666666666667,0.736187179695672,98.2740021574973,98.8059701492537,99.2,50,100,100,6.79195515990768,100,100,62.5125628140703,92.6829268292683,95.7279370432827,99.7215042107896,24.1464928615767,50,100,100,100,50,100,80,66.6666666666667,60.7142857142857,80,79.9771167048055,61.2903225806452,50,98.2993197278912,82.4,100,0,100,38.2352941176471,13.7931034482759,33.3333333333333,37.5,22.495894909688,100,0,0,100,66.6666666666667,100,100,100,100,0
India,25.1755265797392,2.92802860974519,53.5560344827586,15.9574468085106,71.1511789181692,17.2814173464792,18.1252307854618,91.0828025477707,1.55261644623347,9.43704106608648,58.8888888888889,0.309669422223078,93.5275080906149,91.044776119403,94,0,100,100,0.560501153972964,99.5198079231693,91.7682926829268,49.6482412060301,98.0691056910569,88.7015177065767,99.3146001834403,1.64494103041589,100,100,100,0,100,100,57.1428571428571,100,75,80,54.9199084668192,58.0645161290323,100,56.4625850340136,39.2,66.6666666666667,75,100,85.2941176470588,79.3103448275862,54.1666666666667,62.5,86.863711001642,50,100,100,100,100,100,100,100,100,100
Indonesia,66.098294884654,7.26419311578006,89.0086206896552,73.8770685579196,86.8238557558946,5.35008257844953,8.81468586801709,92.9936305732484,37.2052903967798,12.182145771009,76.6666666666667,0.519984234922572,97.2168284789644,90.134328358209,92.7,50,100,50,0.626442466205078,100,96.1382113821138,42.0100502512563,96.5447154471545,96.0652051714446,98.730926373718,2.73122284295469,50,0,100,66.6666666666667,50,50,100,66.6666666666667,78.5714285714286,60,47.025171624714,77.4193548387097,100,92.687074829932,51.2,100,0,100,100,65.5172413793103,95.8333333333333,50,76.1904761904762,100,0,100,50,66.6666666666667,100,100,0,100,0
Iran,79.5386158475426,26.7322306660706,76.8318965517241,74.7044917257683,73.6477115117892,3.8736799959962,5.90810782296777,76.4331210191083,46.9235192639448,24.1059287462605,86.6666666666667,0.289237725835161,92.4487594390507,94.7761194029851,88.02,0,100,100,1.61556214968678,100,95.630081300813,37.3869346733668,98.6280487804878,98.1450252951096,99.8899357958809,8.47299813780261,0,0,100,66.6666666666667,100,100,41.4285714285714,100,35.7142857142857,65,77.6887871853547,14.5161290322581,100,75.3401360544218,67.2,100,0,100,33.8235294117647,46.551724137931,50,35.4166666666667,18.3908045977011,100,100,100,100,100,100,100,100,100,33.3333333333333
Ireland,89.0672016048144,66.2717925793473,71.1206896551724,90.4255319148936,90.0138696255201,12.832190581052,38.0756448805191,89.171974522293,33.8125359401955,21.5647946695676,86.6666666666667,0.953877395924218,97.8425026968716,92.5373134328358,90,100,0,100,20.5407187603033,100,100,90.8542713567839,97.9166666666667,98.4260820685779,99.866588843492,49.4413407821229,50,100,100,100,100,100,71.4285714285714,100,64.2857142857143,60,96.4530892448513,41.9354838709677,100,100,87.2,100,0,100,44.1176470588235,44.8275862068966,45.8333333333333,50,54.0229885057471,100,100,100,100,66.6666666666667,100,100,100,0,100
Italy,71.6148445336008,62.5838176128744,100,71.2765957446808,91.8169209431345,10.725188929483,29.3189850714776,87.2611464968153,49.6262219666475,30.2845390263802,73.3333333333333,0.407512378791948,100,100,99,100,100,100,5.96768875700626,100,100,65.8291457286432,95.8333333333333,98.7914558740866,99.7698657550238,30.6641837368094,50,100,100,100,100,100,20,100,64.2857142857143,80,83.0663615560641,54.8387096774194,100,98.6394557823129,68.8,100,50,100,50,0,29.1666666666667,20.8333333333333,57.3070607553366,50,100,0,50,66.6666666666667,100,100,100,100,66.6666666666667
Jamaica,52.7582748244734,21.6137684398748,68.75,71.7494089834515,93.0651872399445,6.34102397277414,14.1636334863111,81.5286624203822,35.4226566992524,25.2107696491705,83.3333333333333,0.607282193057344,100,97.0149253731343,73,0,100,100,11.2429937355753,100,97.7642276422764,42.5125628140703,92.9369918699187,84.8791455874087,98.5891770199283,24.7672253258845,0,0,100,0,0,100,48.5714285714286,66.6666666666667,64.2857142857143,60,56.2929061784897,58.0645161290323,100,80.4421768707483,65.6,100,50,0,91.1764705882353,44.8275862068966,50,50,44.1707717569787,100,0,100,100,0,100,100,100,100,0
Japan,98.4954864593781,71.8149307107733,100,67.8486997635934,87.2399445214979,59.6466643311146,52.5768845281426,88.5350318471338,32.374928119609,28.3553168343758,65.5555555555556,0.32121406212723,99.7842502696872,99.8507462686567,99,50,100,100,2.60468183316848,100,100,71.5577889447236,97.510162601626,95.8684654300169,99.8932710747936,64.4941030415891,50,100,100,33.3333333333333,100,100,0,100,50,50,89.9313501144165,74.1935483870968,100,100,89.6,100,100,100,14.7058823529412,37.9310344827586,41.6666666666667,37.5,17.8981937602627,0,0,100,100,100,100,100,100,100,100
Kazakhstan,87.5626880641926,29.9731783638802,100,86.6430260047281,97.6421636615811,20.0340323307142,19.1802500395632,85.3503184713376,44.4508338125359,15.8366195267881,81.1111111111111,0.664737196086135,92.6645091693635,81.9402985074627,75.3,50,100,100,1.81338608638312,100,100,55.8793969849246,98.8821138211382,98.0607082630691,99.9099474693571,4.74860335195531,50,0,100,100,50,100,45.7142857142857,100,39.2857142857143,60,68.0778032036613,12.9032258064516,100,99.6598639455782,81.6,100,25,100,17.6470588235294,41.3793103448276,54.1666666666667,20.8333333333333,8.04597701149425,100,0,0,100,100,100,100,100,100,33.3333333333333
Kenya,33.4002006018054,1.54224407688869,63.6853448275862,58.628841607565,93.0651872399445,6.45613332666033,6.9209263069051,77.7070063694268,43.8757906843013,17.3833967908621,77.7777777777778,4.70810408120697,91.3700107874865,79.1044776119403,35,0,100,100,1.28585558852621,100,65.1422764227642,33.1658291457286,79.9288617886179,88.6734120292299,93.7413491203202,8.0074487895717,0,100,66.6666666666667,100,100,100,74.2857142857143,33.3333333333333,75,50,45.766590389016,51.6129032258064,100,68.5374149659864,40,100,0,0,67.6470588235294,79.3103448275862,87.5,29.1666666666667,73.7274220032841,0,0,100,100,100,100,100,100,100,0
Kuwait,100,10.5721949038891,100,82.1513002364066,94.5908460471567,10.9504028827386,28.9233528511895,90.4458598726115,93.7320299022427,36.6756187109056,98.8888888888889,1.03032558688402,100,100,100,100,100,100,7.05572040883614,100,100,69.5477386934673,98.4247967479675,97.8920741989882,100,57.5108628181254,50,100,100,66.6666666666667,100,100,22.8571428571429,100,46.4285714285714,80,68.9931350114416,38.7096774193548,50,93.3673469387755,45.6,100,0,100,55.8823529411765,62.0689655172414,58.3333333333333,66.6666666666667,49.2610837438424,100,0,0,0,100,100,0,0,100,33.3333333333333
Laos,24.2728184553661,1.36343316942333,15.8405172413793,90.4255319148936,89.3203883495146,10.5750462939793,10.1018093580208,93.6305732484076,59.5744680851064,21.2163448463421,86.6666666666667,0.214264615581168,87.0550161812298,67.1641791044776,43,50,0,0,4.68183316848005,97.8391356542617,93.0894308943089,23.1155778894472,87.8556910569106,98.2012366498033,98.5174685233053,0,50,0,100,0,50,50,31.4285714285714,33.3333333333333,17.8571428571429,90,29.8627002288329,45.1612903225806,0,73.9795918367347,28.8,66.6666666666667,25,100,52.9411764705882,31.0344827586207,45.8333333333333,91.6666666666667,22.495894909688,100,0,0,0,0,0,100,0,100,0
Latvia,85.3560682046138,60.9074653553867,75.5387931034483,79.0780141843972,99.0291262135922,51.3688003603423,50.2241915914965,94.9044585987261,45.830937320299,28.1258498776176,97.7777777777778,1.63121982713273,97.8425026968716,98.5074626865672,95,50,100,0,33.9927464556545,100,100,50.0502512562814,97.510162601626,97.442383361439,99.7915450679563,20.2669149596524,50,0,100,100,50,100,40,66.6666666666667,57.1428571428571,70,83.0663615560641,64.5161290322581,100,99.8299319727891,89.6,100,25,100,17.6470588235294,41.3793103448276,16.6666666666667,33.3333333333333,34.3185550082102,100,0,0,0,66.6666666666667,100,100,100,100,33.3333333333333
Lebanon,84.3530591775326,43.2051855163165,29.4181034482759,82.1513002364066,91.6782246879334,2.45733446774436,2.2841166851295,78.9808917197452,66.129959746981,40.6785422899103,98.8888888888889,0.290676234292067,98.9212513484358,97.6119402985075,98.2,50,100,0,16.0567095285196,100,100,41.1055276381909,85.010162601626,100,99.6331193196031,51.7690875232775,0,0,100,33.3333333333333,100,100,20,100,14.2857142857143,80,57.6659038901602,22.5806451612903,50,91.6666666666667,56.8,100,50,50,44.1176470588235,37.9310344827586,45.8333333333333,41.6666666666667,5.74712643678161,100,0,0,0,66.6666666666667,0,100,0,100,33.3333333333333
Liberia,2.70812437311936,0.357621814930711,20.9051724137931,26.0047281323877,67.2676837725381,8.78334417696812,7.71219074748114,85.3503184713376,21.9666474985624,1.13798612999728,65.5555555555556,0.0297820013578057,48.2200647249191,44.7761194029851,29.86,0,0,50,6.8578964721398,0,3.45528455284553,13.3668341708543,8.23170731707317,72.7937043282743,0,3.91061452513967,0,0,100,0,50,100,20,33.3333333333333,42.8571428571429,90,8.81006864988558,32.258064516129,50,12.0748299319728,24.8,33.3333333333333,50,0,55.8823529411765,55.1724137931034,58.3333333333333,45.8333333333333,50.7389162561576,0,0,0,50,33.3333333333333,0,100,100,100,0
Lithuania,78.3350050150451,62.8743853375056,100,78.9598108747045,90.1525658807212,46.5542265151894,49.9762620667827,95.5414012738854,58.3668775158137,41.4604296981235,97.7777777777778,4.26468994474055,100,99.9850746268657,98,50,100,100,35.3115727002967,100,100,53.9698492462312,98.8821138211382,98.0326025857223,99.8866005169682,14.5251396648045,50,50,100,100,100,100,54.2857142857143,66.6666666666667,53.5714285714286,80,85.2402745995423,54.8387096774194,0,99.6598639455782,91.2,66.6666666666667,75,100,32.3529411764706,37.9310344827586,54.1666666666667,41.6666666666667,54.0229885057471,100,0,0,100,66.6666666666667,100,100,100,100,0
Madagascar,7.92377131394182,0.156459544032186,3.66379310344827,56.6193853427896,63.3841886269071,19.5435663880687,14.9970986970512,71.9745222929936,23.7952846463485,3.34171879249388,58.8888888888889,0.0615632856557179,56.8500539374326,47.7611940298507,25,0,0,100,1.28585558852621,35.1740696278511,10.7723577235772,23.5175879396985,5.38617886178862,39.1231028667791,68.1080630367715,6.33147113594041,0,0,66.6666666666667,66.6666666666667,0,50,62.8571428571429,33.3333333333333,64.2857142857143,60,14.8741418764302,0,0,57.1428571428571,36,66.6666666666667,50,100,44.1176470588235,27.5862068965517,50,33.3333333333333,47.4548440065681,0,0,0,50,0,100,100,100,50,0
Malawi,10.8324974924774,0.0670540902995083,1.93965517241379,10.7565011820331,76.5603328710125,2.88273860167159,2.16278947090784,75.1592356687898,24.7958596894767,4.54854500951863,62.2222222222222,0.0399734680524948,65.4800431499461,31.3432835820896,30,0,0,100,1.71447411803495,53.781512605042,3.55691056910569,4.12060301507538,7.82520325203254,52.4451939291737,96.0276828149754,3.42954686530106,0,0,66.6666666666667,0,0,100,45.7142857142857,66.6666666666667,17.8571428571429,40,12.2425629290618,29.0322580645161,50,35.5442176870748,24,0,25,100,70.5882352941177,48.2758620689655,62.5,29.1666666666667,47.4548440065681,0,0,100,50,66.6666666666667,100,100,100,100,0
Malaysia,86.9608826479438,19.0433616450604,100,77.4231678486998,88.626907073509,23.7275411641059,39.2941921190062,91.7197452229299,43.0132259919494,19.6950639107968,84.4444444444444,0.871772697133869,92.017259978425,94.4776119402985,93,50,100,100,2.07715133531157,100,100,43.5175879396985,95.9857723577236,93.3951658234963,99.866588843492,20.7324643078833,100,0,100,66.6666666666667,100,100,57.1428571428571,100,32.1428571428571,80,83.4096109839817,58.0645161290323,50,89.2857142857143,68.8,100,50,100,82.3529411764706,37.9310344827586,79.1666666666667,70.8333333333333,57.3070607553366,100,0,100,100,100,100,100,100,100,100
Mexico,52.7582748244734,32.6553419758605,60.1293103448276,70.3309692671395,94.5908460471567,5.92562934788049,15.6986865010286,84.7133757961783,50.0287521564117,23.0350829480555,68.8888888888889,0.452447481945805,77.6483279395901,87.089552238806,70.91,0,100,100,0.791295746785361,100,100,60.2010050251256,94.7662601626016,97.0207982012366,99.6447927957975,11.576660459342,0,50,100,66.6666666666667,100,100,48.5714285714286,100,60.7142857142857,70,44.0503432494279,45.1612903225806,100,92.1768707482993,56,100,50,100,91.1764705882353,20.6896551724138,66.6666666666667,41.6666666666667,79.4745484400657,0,0,100,100,0,100,100,100,100,100
Mongolia,22.7683049147442,21.5243629861422,100,95.1536643026005,94.5908460471567,17.6217406536209,16.7589808514005,83.4394904458599,60.6670500287522,17.1029371770465,70,0.266477596266997,100,67.1641791044776,45,0,100,100,10.5506099571381,99.2797118847539,71.9512195121951,30.6532663316583,88.6178861788618,94.9128724002248,99.694821979488,9.49720670391061,50,100,100,100,100,100,68.5714285714286,66.6666666666667,53.5714285714286,40,55.3775743707094,87.0967741935484,0,97.2789115646259,68.8,33.3333333333333,50,0,20.5882352941176,37.9310344827586,41.6666666666667,20.8333333333333,54.0229885057471,100,0,0,50,100,100,100,0,100,0
Morocco,74.1223671013039,9.56638354939651,93.75,60.1654846335697,82.3855755894591,0.875832040438417,7.42733554887377,73.2484076433121,49.1086831512363,27.9728719064455,87.7777777777778,0.780951612354642,99.3527508090615,97.0149253731343,96,0,100,100,0.923178371249588,100,97.9674796747967,36.5829145728643,89.2784552845528,92.8330522765599,99.346285333111,7.69708255741775,50,0,100,66.6666666666667,100,100,17.1428571428571,33.3333333333333,10.7142857142857,80,39.3592677345538,35.4838709677419,100,55.4421768707483,31.2,100,25,100,47.0588235294118,27.5862068965517,33.3333333333333,37.5,53.3661740558292,0,0,0,0,33.3333333333333,100,100,100,100,0
Mozambique,10.5315947843531,0.469378632096558,11.3146551724138,83.451536643026,80.1664355062413,2.59246283969771,2.30521707021153,73.2484076433121,33.007475560667,18.3267609464237,68.8888888888889,0.193906063691059,67.6375404530744,50.7462686567164,33,0,50,0,1.12100230794593,48.3793517406963,11.890243902439,11.6582914572864,63.8719512195122,80.2698145025295,95.300592012007,6.14525139664805,50,0,66.6666666666667,100,0,50,60,33.3333333333333,39.2857142857143,40,14.5308924485126,9.67741935483871,100,33.1632653061225,15.2,66.6666666666667,0,100,44.1176470588235,27.5862068965517,41.6666666666667,16.6666666666667,50.7389162561576,100,0,0,50,100,100,0,100,100,0
Myanmar,28.0842527582748,0.424675905230219,82.5431034482759,43.3806146572104,79.6116504854369,8.36294479755768,8.01814633117054,91.7197452229299,68.0851063829787,19.4231030731575,85.5555555555556,0.0773137341838738,89.5361380798274,91.2686567164179,75,50,100,100,0.626442466205078,78.5114045618247,24.5934959349593,35.5778894472362,97.1544715447154,95.4468802698145,97.8704244142416,4.46927374301676,50,50,100,33.3333333333333,100,100,14.2857142857143,66.6666666666667,0,100,20.3661327231121,25.8064516129032,0,58.5034013605442,27.2,66.6666666666667,50,100,76.4705882352941,58.6206896551724,75,100,0,0,0,0,100,100,100,100,100,50,33.3333333333333
Namibia,34.4032096288867,5.58784085829236,81.3577586206897,66.7848699763593,97.9195561719834,4.87463089935439,5.3225721369415,70.7006369426752,34.5025876940771,11.9101849333696,88.8888888888889,0.112203659638659,100,29.8507462686567,39,0,0,0,12.79261457303,73.3493397358944,33.9430894308943,46.9346733668342,85.8739837398374,89.7133220910624,98.4957892103727,7.07635009310987,0,0,100,100,50,50,31.4285714285714,33.3333333333333,75,60,41.533180778032,19.3548387096774,0,85.5442176870748,42.4,100,25,0,52.9411764705882,55.1724137931034,37.5,29.1666666666667,28.4072249589491,50,100,100,50,33.3333333333333,100,100,100,100,0
Netherlands,96.1885656970913,94.6133214126062,89.8706896551724,79.6690307328605,88.4882108183079,27.0607076722887,54.5181199556892,95.5414012738854,67.9700977573318,53.3162224639652,92.2222222222222,1.45352746045595,100,98.5074626865672,99,50,100,100,23.0135179690076,100,100,62.713567839196,97.4085365853659,97.9763912310287,99.8899357958809,36.2507759155804,50,50,100,0,100,100,60,100,64.2857142857143,60,100,58.0645161290323,100,100,84.8,100,75,100,20.5882352941176,68.9655172413793,16.6666666666667,20.8333333333333,60.5911330049261,100,100,100,50,100,100,100,100,100,100
New Zealand,87.7632898696088,77.5368797496647,100,80.9692671394799,91.6782246879334,32.7160802762624,53.3786991612597,92.9936305732484,66.4749856239218,46.1092602665216,81.1111111111111,2.02047046297176,95.6850053937433,97.0149253731343,97,100,100,100,27.1348499835147,100,100,73.9698492462311,96.849593495935,98.0607082630691,99.7448511631785,100,50,100,100,100,100,100,85.7142857142857,100,50,90,94.6224256292906,58.0645161290323,100,100,88.8,100,75,100,79.4117647058823,58.6206896551724,29.1666666666667,12.5,70.4433497536946,100,0,0,100,100,100,100,100,0,100
Nicaragua,18.3550651955868,6.59365221278498,83.9439655172414,66.903073286052,98.6130374479889,2.39727741354287,4.85836366513689,82.8025477707006,40.1955146635998,17.6553576285015,86.6666666666667,0.336038013683141,80.5825242718447,77.6119402985075,42,0,100,0,0,100,95.2235772357724,26.8341708542714,74.1869918699187,78.5272625070264,97.4385057950471,11.731843575419,0,0,66.6666666666667,66.6666666666667,100,50,42.8571428571429,33.3333333333333,39.2857142857143,60,18.5354691075515,32.258064516129,0,70.4081632653061,41.6,66.6666666666667,0,100,58.8235294117647,27.5862068965517,79.1666666666667,29.1666666666667,47.4548440065681,0,0,0,0,0,0,0,0,100,0
Nigeria,7.22166499498496,0.0223513634331694,54.9568965517241,57.4468085106383,74.4798890429958,5.01976878034132,4.36250461570924,64.968152866242,20.2415181138585,14.1198667391896,68.8888888888889,0.0209071356236745,87.7669902912621,63.4029850746269,22.34,50,100,100,0.329706561160567,82.953181272509,32.8252032520325,20,92.479674796748,94.7442383361439,97.5969315434003,4.12787088764742,100,100,100,66.6666666666667,100,50,31.4285714285714,33.3333333333333,35.7142857142857,70,50.5720823798627,51.6129032258064,50,35.3741496598639,39.2,33.3333333333333,0,100,61.7647058823529,68.9655172413793,58.3333333333333,50,63.8752052545156,0,100,100,100,33.3333333333333,100,100,100,100,0
Oman,88.5656970912738,19.4680375502906,100,75.4137115839243,88.626907073509,4.85961663580401,13.5200717413093,82.8025477707006,75.5606670500288,33.9135164536307,87.7777777777778,0.896593063390313,98.0582524271845,98.5074626865672,96.05,50,100,100,0,100,100,51.6582914572864,96.3922764227642,96.964586846543,99.518052197115,34.2333954065798,0,0,100,66.6666666666667,100,100,42.8571428571429,100,53.5714285714286,50,67.7345537757437,45.1612903225806,100,92.687074829932,64.8,100,25,100,55.8823529411765,44.8275862068966,66.6666666666667,54.1666666666667,34.3185550082102,100,100,0,100,100,100,100,100,100,100
Pakistan,21.8655967903711,1.83281180151989,38.1465517241379,0,0,2.74260547520144,3.00152977791845,74.5222929936306,40.7705577918344,12.6410796845254,78.8888888888889,0.247642888081238,75.6202804746494,61.1940298507463,68.6,50,100,0,0.164853280580284,89.0756302521009,68.3943089430894,29.6482412060301,95.4776422764228,78.6958965711074,99.0144250812974,1.95530726256983,100,0,100,100,50,100,31.4285714285714,66.6666666666667,39.2857142857143,90,28.2608695652174,25.8064516129032,0,30.4421768707483,28.8,66.6666666666667,0,100,55.8823529411765,55.1724137931034,62.5,87.5,44.4991789819376,50,100,0,100,66.6666666666667,100,100,100,100,33.3333333333333
Papua New Guinea,10.7321965897693,0.40232454179705,11.2068965517241,70.6855791962175,81.8307905686546,2.75261498423502,1.8990346573825,28.0254777070064,24.767107533065,4.51624966004895,66.6666666666667,0.505099329618487,76.2675296655879,46.7910447761194,50,0,0,100,3.82459610946258,77.2268907563025,49.6138211382114,41.1055276381909,43.2418699186992,58.1225407532322,99.3296089385475,9.48168839230292,0,0,33.3333333333333,0,100,50,65.1428571428572,33.3333333333333,50.7142857142857,80,22.0823798627002,55.9677419354839,0,37.7551020408163,24,66.6666666666667,50,100,73.5294117647059,51.3793103448276,64.375,54.1666666666667,44.1707717569787,0,0,100,50,33.3333333333333,100,100,0,100,0
Paraguay,24.172517552658,10.2369244523916,75.2155172413793,85.3427895981087,94.5908460471567,4.4792552925279,15.7619876562747,92.3566878980892,28.7521564117309,11.9271824857221,74.4444444444444,0.225943353731302,96.7637540453075,95.5223880597015,65,0,100,0,4.78074513682822,100,98.1707317073171,44.0201005025126,80.5894308943089,93.3108487914559,99.1995330609522,14.3699565487275,50,0,100,100,100,100,60,100,64.2857142857143,60,47.4828375286041,32.258064516129,100,89.7959183673469,54.4,100,25,100,47.0588235294118,24.1379310344828,66.6666666666667,25,50.7389162561576,100,0,0,50,66.6666666666667,100,100,100,100,0
Peru,29.5887662988967,16.36119803308,93.3189655172414,49.1725768321513,77.9472954230236,2.74761022971823,16.6060030595558,84.0764331210191,57.1017826336975,19.3891079684525,82.2222222222222,0.423055584576312,63.0852211434736,61.1044776119403,52.24,50,100,100,1.02209033959776,99.0396158463385,86.4837398373984,52.0603015075377,91.4126016260163,92.327150084317,99.5614108229801,10.1800124146493,100,0,100,100,50,100,68.5714285714286,66.6666666666667,42.8571428571429,70,44.3935926773455,38.7096774193548,100,90.4761904761905,60.8,100,25,100,58.8235294117647,65.5172413793103,54.1666666666667,58.3333333333333,47.4548440065681,50,0,0,100,100,100,100,100,100,33.3333333333333
Philippines,42.5275827482447,7.15243629861422,78.5560344827586,100,92.9264909847434,12.5018767829438,11.6315872764678,84.7133757961783,17.5963197239793,14.468316562415,70,0.223102909066395,89.2125134843581,89.5522388059701,80,0,100,100,0.923178371249588,94.8379351740696,94.9186991869919,36.4824120603015,91.1585365853659,94.5193929173693,98.9710664554323,2.88640595903166,0,0,100,66.6666666666667,50,100,74.2857142857143,66.6666666666667,78.5714285714286,90,45.3089244851259,41.9354838709677,100,96.9387755102041,62.4,66.6666666666667,25,100,55.8823529411765,41.3793103448276,66.6666666666667,33.3333333333333,47.4548440065681,100,0,100,100,100,0,100,100,0,100
Poland,84.1524573721163,42.087617344658,100,80.3782505910166,96.1165048543689,14.4687453080426,43.1502874927467,90.4458598726115,35.8826912018401,29.3581724231711,88.8888888888889,0.272414491339143,100,100,100,50,100,100,7.74810418727333,100,100,56.9849246231156,99.0853658536585,99.2973580663294,99.7665304761111,16.6977032898821,100,100,100,100,100,100,80,100,60.7142857142857,30,84.4393592677345,41.9354838709677,100,99.6598639455782,85.6,100,75,100,0,24.1379310344828,41.6666666666667,50,57.3070607553366,100,0,100,100,66.6666666666667,100,100,100,100,100
Portugal,79.3380140421264,82.4094769780957,84.4827586206897,76.9503546099291,85.9916782246879,23.6824983734548,52.5927098169542,95.5414012738854,48.3611270845313,32.2137612183845,92.2222222222222,0.82583795250996,99.7411003236246,98.8059701492537,99.2,50,100,100,6.396307286515,100,100,67.2361809045226,94.8170731707317,97.1332209106239,99.7982156257817,20.8876474239603,50,50,100,100,100,100,48.5714285714286,100,85.7142857142857,90,77.5743707093822,41.9354838709677,100,93.3673469387755,60.8,100,50,100,44.1176470588235,62.0689655172414,33.3333333333333,29.1666666666667,76.1904761904762,100,100,0,100,33.3333333333333,100,100,100,100,0
Qatar,93.9819458375125,21.4573088958427,100,83.806146572104,88.626907073509,19.4634903158,36.3137627261697,99.3630573248408,97.9298447383554,65.3929834103889,98.8888888888889,1.28636790146363,100,100,99.5,100,100,100,0,100,100,100,100,98.566610455312,99.8232302176269,59.0626939788951,0,0,100,66.6666666666667,100,100,25.7142857142857,100,39.2857142857143,70,74.5995423340961,25.8064516129032,100,88.9455782312925,64.8,100,100,100,29.4117647058824,68.9655172413793,62.5,66.6666666666667,54.0229885057471,100,100,100,100,100,100,100,100,100,100
Romania,80.8425275827482,58.18059901654,85.1293103448276,69.8581560283688,94.5908460471567,54.9722236124318,76.0827135095216,96.8152866242038,58.0793559516964,31.9842942616263,93.3333333333333,0.60155254072899,99.9137001078748,99.9402985074627,92.56,100,100,100,6.75898450379163,100,100,78.4924623115578,96.2906504065041,98.7633501967397,99.9199533060952,12.6629422718808,100,50,100,100,50,100,68.5714285714286,66.6666666666667,71.4285714285714,90,74.9427917620137,58.0645161290323,100,97.9591836734694,75.2,100,50,100,55.8823529411765,75.8620689655172,50,37.5,63.8752052545156,0,0,0,100,66.6666666666667,100,100,100,100,33.3333333333333
Russia,76.5295887662989,49.5306213679034,100,77.3049645390071,93.2038834951456,32.9513037385516,30.1155246083241,95.5414012738854,34.4450833812536,17.2134212673375,73.3333333333333,0.822704929853817,80.5825242718447,67.1641791044776,70,50,100,100,5.76986482030992,100,100,58.9949748743719,96.6971544715447,97.8077571669477,99.9833236054365,8.47299813780261,100,100,100,100,100,100,65.7142857142857,100,64.2857142857143,30,78.8329519450801,32.258064516129,100,99.4897959183673,83.2,100,25,100,29.4117647058824,27.5862068965517,37.5,4.16666666666667,21.1822660098522,100,0,0,0,100,100,100,100,100,0
Rwanda,9.02708124373119,0.0670540902995083,44.9353448275862,44.0898345153664,66.8515950069348,7.26690355838046,5.40697367726961,84.7133757961783,0,8.52767201522981,80,0.101305129465152,99.8274002157497,94.9253731343284,96.6,0,100,50,2.67062314540059,71.1884753901561,42.5813008130081,2.91457286432161,76.8292682926829,0,76.9815725840073,1.48975791433892,0,50,66.6666666666667,100,50,50,40,100,50,60,25.0572082379863,32.258064516129,50,54.421768707483,22.4,100,25,100,61.7647058823529,58.6206896551724,79.1666666666667,66.6666666666667,47.4548440065681,50,100,100,100,100,100,100,100,100,0
Saudi Arabia,94.4834503510532,12.539114886008,92.0258620689655,83.451536643026,90.4299583911234,8.59316350533006,24.8140528564646,85.3503184713376,79.0109258194365,43.9165760130541,82.2222222222222,3.02695094357012,98.7486515641856,97.1641791044776,93.1,100,100,0,1.9782393669634,100,99.1869918699187,56.8844221105528,97.7134146341463,96.4586846543002,99.8449095305595,45.4065797641217,50,0,100,66.6666666666667,100,100,31.4285714285714,100,57.1428571428571,80,73.5697940503432,25.8064516129032,100,92.0068027210884,64.8,66.6666666666667,25,100,64.7058823529412,44.8275862068966,37.5,50,35.9605911330049,100,100,0,100,100,100,100,100,100,100
Senegal,23.9719157472417,1.76575771122038,72.5215517241379,77.5413711583924,80.5825242718447,2.4873629948451,8.8199609642876,75.1592356687898,29.269695227142,17.085939624694,58.8888888888889,0.0468734323457891,95.4692556634304,88.3582089552239,62,0,50,50,2.01121002307946,91.3565426170468,46.3414634146341,27.7386934673367,78.150406504065,88.6734120292299,96.0560326857333,8.75232774674116,50,0,66.6666666666667,66.6666666666667,0,50,54.2857142857143,66.6666666666667,53.5714285714286,80,38.558352402746,38.7096774193548,0,18.1972789115646,12,100,75,100,52.9411764705882,34.4827586206897,100,70.8333333333333,50.7389162561576,100,100,100,100,100,100,100,0,100,0
Singapore,97.6930792377131,57.778274474743,100,80.7328605200946,93.2038834951456,100,100,98.0891719745223,89.3617021276596,45.4803508294806,100,11.6267446029418,100,100,100,50,100,100,35.0807781074843,100,100,64.6231155778895,98.119918699187,99.1006183249016,99.9249562244643,41.3718187461204,50,50,100,33.3333333333333,100,100,65.7142857142857,100,57.1428571428571,40,98.512585812357,38.7096774193548,50,95.4081632653061,79.2,100,50,100,52.9411764705882,79.3103448275862,45.8333333333333,20.8333333333333,35.9605911330049,100,0,0,100,66.6666666666667,100,100,100,100,100
Slovakia,81.2437311935807,61.7344658024139,100,78.9598108747045,91.6782246879334,12.7871477904009,35.5488737669463,91.0828025477707,45.2558941920644,30.5904949687245,94.4444444444444,1.16461888486093,100,92.5373134328358,94,50,100,100,6.03363006923838,100,100,55.0753768844221,91.4126016260163,97.7234401349072,99.8549153672976,24.3016759776536,100,50,100,100,100,100,45.7142857142857,100,75,70,87.299771167048,48.3870967741936,100,99.3197278911564,88,33.3333333333333,0,100,29.4117647058824,10.3448275862069,33.3333333333333,29.1666666666667,77.0114942528736,100,0,0,50,66.6666666666667,100,100,100,100,0
South Africa,61.6850551654965,5.29727313366115,100,75.886524822695,100,9.47900505480206,12.8079337447908,87.2611464968153,32.2024151811386,29.5621430514006,88.8888888888889,0.121029762374251,99.7842502696872,99.2686567164179,90.32,100,100,100,3.98944939004286,95.438175270108,92.1747967479675,55.1758793969849,88.8211382113821,96.486790331647,99.6014341699325,12.1973929236499,50,100,100,100,100,100,77.1428571428572,100,64.2857142857143,30,51.9450800915332,41.9354838709677,50,77.891156462585,68.8,100,75,100,64.7058823529412,48.2758620689655,79.1666666666667,54.1666666666667,69.4581280788177,100,100,100,100,33.3333333333333,100,100,100,100,100
South Korea,99.4984954864594,92.9146177916853,99.676724137931,76.8321513002364,93.2038834951456,56.6287973574896,84.6547449490953,96.1783439490446,83.3237492811961,100,90,0.640831136052301,99.7842502696872,99.8507462686567,99.9,100,100,100,1.94526871084735,100,100,63.21608040201,97.5609756097561,98.8476672287802,99.8115567414325,51.6139044072005,50,100,100,0,100,100,65.7142857142857,100,71.4285714285714,30,91.9908466819222,87.0967741935484,100,100,84.8,100,25,100,26.4705882352941,20.6896551724138,45.8333333333333,33.3333333333333,37.6026272577997,100,100,100,100,100,100,100,100,100,66.6666666666667
Spain,86.3590772316951,71.5243629861422,84.8060344827586,73.758865248227,96.1165048543689,55.8981031980381,62.351637917392,90.4458598726115,51.1213341000575,30.0805683981507,76.6666666666667,0.320848339638186,99.5685005393743,99.8507462686567,99.5,100,100,100,2.83547642598088,100,100,64.2211055276382,98.5772357723577,97.8920741989882,99.8582506462103,33.6126629422719,100,100,100,33.3333333333333,100,100,57.1428571428571,100,35.7142857142857,40,83.9816933638444,54.8387096774194,100,97.2789115646259,65.6,100,75,100,52.9411764705882,34.4827586206897,37.5,20.8333333333333,60.5911330049261,100,100,100,100,100,100,100,100,100,100
Sri Lanka,24.172517552658,16.0482789450156,83.9439655172414,44.0898345153664,67.8224687933426,6.84650417897002,13.1930157725378,85.9872611464968,33.1799884991374,18.2247756323089,92.2222222222222,0.278058808420053,95.4692556634304,86.5671641791045,91,50,100,50,1.54962083745467,100,100,36.78391959799,99.2886178861789,98.6509274873524,99.8565830067539,3.35195530726257,50,0,100,100,100,50,85.7142857142857,66.6666666666667,75,100,46.4530892448513,70.9677419354839,100,86.2244897959184,76,100,50,0,70.5882352941177,62.0689655172414,75,87.5,79.4745484400657,0,0,0,50,0,100,100,0,100,0
Sudan,33.4002006018054,0.0894054537326777,37.5,42.1985815602837,76.4216366158114,3.19803813622942,2.34214274410508,29.2993630573248,17.2512938470385,8.96110960021757,0,0.0189444249324724,78.4250269687163,20.2985074626866,35,0,0,0,0.791295746785361,66.9867947178872,32.2154471544715,25.3266331658291,97.4085365853659,81.0005621135469,98.8059701492537,2.42085661080074,50,0,100,0,100,50,8.57142857142857,66.6666666666667,46.4285714285714,60,18.9931350114416,41.9354838709677,0,33.1632653061225,16.8,33.3333333333333,0,100,52.9411764705882,62.0689655172414,54.1666666666667,29.1666666666667,24.4663382594417,0,0,0,0,0,100,0,0,100,0
Sweden,92.9789368104313,85.9856951274028,100,81.0874704491726,94.5908460471567,50.7932535909114,65.5377960647782,94.9044585987261,55.2616446233468,40.1261218384553,91.1111111111111,0.818145589490404,100,100,100,50,100,100,29.7395318166832,100,100,70.4522613065327,99.2886178861789,99.2411467116357,99.8932710747936,42.1477343265053,100,100,100,66.6666666666667,100,100,74.2857142857143,100,46.4285714285714,40,92.2196796338673,32.258064516129,100,100,86.4,100,75,100,55.8823529411765,68.9655172413793,41.6666666666667,12.5,80.2955665024631,100,0,100,100,66.6666666666667,100,100,100,100,66.6666666666667
Taiwan,88.9669007021063,53.8667858739383,93.2112068965517,87.5886524822695,94.5908460471567,35.7239377408538,52.5821596244132,98.0891719745223,59.9769982748706,37.2450367147131,97.7777777777778,14.3598375265652,100,100,99.9,50,100,50,2.80250576986482,98.7995198079232,98.9837398373984,61.5075376884422,96.5447154471545,99.1287240022485,99.9766530476111,31.4400993171943,100,0,100,100,100,100,71.4285714285714,100,60.7142857142857,30,84.324942791762,54.8387096774194,100,100,73.6,100,25,100,26.4705882352941,44.8275862068966,33.3333333333333,8.33333333333333,4.76190476190476,100,100,100,100,100,100,100,100,100,100
Tanzania,14.1424272818455,3.35270451497541,43.1034482758621,20.6855791962175,72.122052704577,7.49712226615284,6.59387033813367,82.1656050955414,16.1587119033928,10.856336687517,80,0.0047422016079355,89.2125134843581,77.6119402985075,13,0,0,100,1.74744477415101,66.9867947178872,17.0731707317073,26.1306532663317,71.239837398374,85.947161326588,96.1710998082215,3.04158907510863,100,0,66.6666666666667,100,50,100,11.4285714285714,33.3333333333333,10.7142857142857,10,39.2448512585812,35.4838709677419,50,62.4149659863946,35.2,100,25,100,67.6470588235294,58.6206896551724,54.1666666666667,58.3333333333333,55.5008210180624,0,0,0,100,66.6666666666667,100,100,100,100,0
Thailand,67.6028084252758,29.5261510952168,100,85.6973995271868,93.0651872399445,40.3132976327511,56.8919132774173,98.7261146496815,52.0414031052329,20.0520125101985,93.3333333333333,1.79757479664915,95.6850053937433,97.0149253731343,98,50,100,100,2.37388724035608,100,100,52.964824120603,94.3089430894309,98.7633501967397,99.4229967481031,14.8355058969584,50,100,100,33.3333333333333,50,100,82.8571428571429,66.6666666666667,53.5714285714286,80,73.7986270022883,87.0967741935484,100,87.9251700680272,48.8,33.3333333333333,0,100,76.4705882352941,41.3793103448276,50,29.1666666666667,54.0229885057471,100,0,0,100,66.6666666666667,100,0,100,100,0
Trinidad & Tobago,77.432296890672,54.4702726866339,100,83.451536643026,88.626907073509,13.2575947149792,27.6573297462679,96.8152866242038,22.7717078780909,18.2247756323089,94.4444444444444,2.07306135689626,100,100,75,0,100,100,23.9696669963732,100,98.9837398373984,48.9447236180905,92.8353658536585,98.2855536818437,99.8048861836071,25.512104283054,0,0,66.6666666666667,33.3333333333333,50,100,48.5714285714286,66.6666666666667,42.8571428571429,60,55.9496567505721,12.9032258064516,0,98.2993197278912,75.2,100,75,100,67.6470588235294,58.6206896551724,70.8333333333333,41.6666666666667,57.3070607553366,100,0,0,50,100,0,100,100,100,0
Turkey,83.7512537612838,36.3209655789003,64.7629310344827,67.7304964539007,94.5908460471567,3.24808568139733,11.4205834256475,86.6242038216561,64.4048303622772,28.618778895839,90,1.15147725675462,99.3311758360302,97.4925373134328,93.17,0,100,100,0.791295746785361,100,100,35.8793969849246,97.9674796747967,96.1776278808319,99.9166180271825,11.4214773432651,50,0,100,100,100,100,80,100,100,90,71.8535469107551,77.4193548387097,0,93.5374149659864,48.8,100,75,100,44.1176470588235,51.7241379310345,16.6666666666667,8.33333333333333,63.8752052545156,50,100,100,50,100,100,100,100,100,100
UAE,98.39518555667,70.1162270898525,100,84.7517730496454,94.5908460471567,17.6017216355538,45.6981589914016,98.7261146496815,100,59.1463829208594,93.3333333333333,4.35334107608478,100,100,99.73,100,100,100,6.92383778437191,100,100,73.5678391959799,96.7987804878049,97.6672287802136,99.961644292504,50.2172563625078,0,0,100,0,100,100,20,100,21.4285714285714,60,85.5835240274599,12.9032258064516,100,89.4557823129252,75.2,100,50,100,41.1764705882353,41.3793103448276,70.8333333333333,41.6666666666667,40.8866995073892,100,0,0,0,66.6666666666667,100,100,0,100,100
Uganda,10.5315947843531,0,21.6594827586207,65.0118203309693,75.5894590846047,7.36199389419949,6.49891860526455,82.8025477707006,13.2834962622197,13.1000135980419,82.2222222222222,0.0882000736077463,95.6850053937433,54.6716417910448,57,0,100,50,0.758325090669304,55.702280912365,9.34959349593496,21.5075376884422,59.5020325203252,54.8060708263069,98.2706578837655,2.79329608938548,50,0,33.3333333333333,100,100,100,57.1428571428571,66.6666666666667,60.7142857142857,80,34.0961098398169,41.9354838709677,50,60.0340136054422,36,100,75,100,76.4705882352941,51.7241379310345,62.5,50,40.8866995073892,50,100,100,100,100,100,100,100,100,0
United Kingdom,93.9819458375125,88.4443451050514,86.5301724137931,84.7517730496454,99.8613037447989,8.5180921875782,31.6558527193121,91.0828025477707,40.8280621046578,28.9077372858308,78.8888888888889,5.09079609374248,99.7842502696872,99.5522388059701,99.7,100,100,100,4.4180679195516,100,100,80.1005025125628,98.2215447154472,98.7071388420461,99.8866005169682,38.423339540658,100,100,100,33.3333333333333,100,100,60,100,17.8571428571429,30,97.7116704805492,48.3870967741936,100,100,91.2,100,50,100,67.6470588235294,51.7241379310345,33.3333333333333,25,70.4433497536946,100,100,100,100,100,100,100,100,0,100
United States,83.7512537612838,79.5261510952168,93.2112068965517,83.451536643026,90.2912621359223,23.3621940843802,66.555889644986,88.5350318471338,39.3904542840713,33.2846070165896,74.4444444444444,1.30837220455444,99.7842502696872,99.8507462686567,99.8,100,100,100,11.0121991427629,100,100,85.0251256281407,98.119918699187,98.1450252951096,99.8899357958809,80.788330229671,100,100,100,100,100,100,28.2857142857143,100,43.9285714285714,15,94.1647597254004,39.5161290322581,100,100,94.4,100,75,100,54.1176470588235,27.2413793103448,31.25,10.8333333333333,39.0804597701149,100,0,100,100,100,100,100,100,0,100
Uzbekistan,79.839518555667,23.1560125167635,41.7025862068966,52.6004728132388,59.0846047156727,9.93944247034683,9.40549665031387,81.5286624203822,6.90051753881541,7.89026380201251,61.1111111111111,0.110094659951839,96.5480043149946,62.6865671641791,43,50,50,100,1.02209033959776,100,100,8.24120603015075,91.2093495934959,62.1978639685216,99.7031601767698,3.53817504655493,50,50,100,100,50,50,37.1428571428571,100,32.1428571428571,70,41.6475972540046,16.1290322580645,100,100,79.2,0,0,100,50,51.7241379310345,45.8333333333333,50,28.8998357963875,0,0,0,50,0,100,100,0,100,33.3333333333333
Venezuela,33.2998996990973,19.4456861868574,37.2844827586207,88.5342789598109,97.0873786407767,0,0,11.4649681528662,4.54284071305348,6.59844982322546,16.6666666666667,0.221847261854011,91.3700107874865,86.0298507462687,82,0,100,0,0,100,100,0,82.469512195122,87.8864530635188,99.3562911698491,4.28305400372439,50,0,100,33.3333333333333,100,100,44.7142857142857,66.6666666666667,50,71.5,49.5423340961098,26.2903225806452,50,95.0680272108843,69.6,33.3333333333333,0,0,66.6176470588235,43.1034482758621,67.2916666666667,36.875,44.1707717569787,100,0,100,100,0,100,0,100,100,0
Vietnam,46.9408224674022,30.3308001788109,100,67.3758865248227,88.7656033287101,21.3602922776638,20.4726486258374,100,72.3404255319149,24.6073565406581,96.6666666666667,0.780232358126189,99.3527508090615,99.4029850746269,93.89,50,100,0,0.329706561160567,100,99.390243902439,38.7939698492462,94.4613821138211,91.7369308600337,99.9766530476111,1.27250155183116,50,50,100,100,100,100,85.7142857142857,66.6666666666667,78.5714285714286,100,59.6109839816934,58.0645161290323,0,91.4965986394558,52.8,66.6666666666667,0,100,76.4705882352941,65.5172413793103,75,62.5,63.8752052545156,0,0,0,100,100,100,100,100,100,33.3333333333333
Zambia,17.4523570712136,0.491729995529727,56.0344827586207,54.7281323877069,88.0721220527046,4.10389870376858,3.44463786464103,71.3375796178344,31.1673375503163,12.5985858036443,68.8888888888889,0.173181789311907,71.7367853290183,64.9253731343284,43.41,0,0,100,1.87932739861523,75.5102040816327,2.23577235772358,29.3467336683417,80.7926829268293,64.5587408656549,96.016009338781,3.7243947858473,50,0,66.6666666666667,66.6666666666667,50,50,31.4285714285714,33.3333333333333,39.2857142857143,70,19.908466819222,12.9032258064516,0,77.3809523809524,44,100,25,100,41.1764705882353,37.9310344827586,41.6666666666667,37.5,50.7389162561576,0,0,100,50,0,100,100,100,100,0
Zimbabwe,23.7713139418255,3.08448815377738,56.25,52.3640661938534,98.3356449375867,5.51523947750363,4.84253837632537,64.3312101910828,29.3041978148361,9.98351237421811,72.2222222222222,0.144289712677441,84.8975188781014,76.1194029850746,35,0,100,100,2.27497527200791,77.9111644657863,10.0609756097561,0,0,13.8279932546374,97.8670891353289,9.86964618249534,0,0,33.3333333333333,100,50,50,37.1428571428571,33.3333333333333,60.7142857142857,60,27.5743707093822,16.1290322580645,0,77.7210884353742,53.6,33.3333333333333,50,50,50,24.1379310344828,54.1666666666667,45.8333333333333,39.2446633825944,0,0,0,50,66.6666666666667,100,0,0,100,0