name,overall_score,1,2,3,4,1.1,1.2,1.3,1.4,2.1,2.2,3.1,3.2,4.1,4.2,4.3,1.1.1,1.1.2,1.1.3,1.1.4,1.1.5,1.2.1,1.2.2,1.2.3,1.2.4,1.2.5,1.2.6,1.2.7,1.3.1,1.3.2,1.3.3,1.3.4,1.3.5,1.3.6,1.3.7,1.3.8,1.4.1,1.4.2,2.1.1,2.1.2,2.1.3,2.1.4,2.2.1,2.2.2,2.2.3,3.1.1,3.1.2,3.1.3,3.2.1,3.2.2,3.2.3,3.2.4,3.2.5,3.2.6,3.2.7,3.2.8,3.2.9,3.2.10,4.1.1,4.1.2,4.1.3,4.1.4,4.2.1,4.2.2,4.2.3,4.2.4,4.2.5,4.2.6,4.3.1,4.3.1.1,4.3.1.2,4.3.1.3,4.3.2,4.3.3,4.3.4,4.3.5,4.3.6,4.3.7,4.3.8,BG1,BG2,BG3,BG4,BG5,BG6,BG7,BG8,BG9,BG10,BG11,BG12,BG13,BG14,BG15,BG16,BG17,BG18,BG19,BG20,BG21,BG22,BG23,BG24
Algeria,62.8,59.2,69.1,62.8,58.3,61.3,30.6,46.6,98.3,81.3,44.8,66.7,58.9,58.3,55.5,61.1,74.4,8.64,103.9,8.2,2.1,1.87,8.34,49,9.85,15.96,41,32595,98.97,98.97,76.18,1,1,0,1,0,100,96.7,32.9,2.214,1.968,4.19,48.4,3457,9960,4,1,1,2,46,0,68,90,52.2,64,1,68,2,81.4,8,1,3,2,48,56,32,30,54,2,2,0,0,1,1,1,1,2,0,1,149,45.2,73.7,3570,27.6,0.2,99.5,2,64.3,2.3,3.8,36,4,0.5,27.86,16.43,6,2,62.9,73,67,97,95,3790459
Angola,46.3,31.7,72.1,34.1,51.2,27.1,33.4,36.9,29.6,81.4,53.5,40,28.3,41,53.7,58.9,9.6,0.7,44.6,28.2,13.3,7.53,14.97,31,10.83,24.77,39,6939,90,87.2,30,1,2,0,0,0.59,61,6.2,31.6,1.244,1.244,6.92,44,8026,3246,4,0,0,0,46,1,46,90,26,28,0,48,1,66,5.2,1,2,2,44,48,28,28,60,1,0,1,0,1,2,1,1,2,1,0,76,33.9,66.8,2140,51.3,22.7,45.67,2.1,16.7,2,3.7,27,3,0.4,11.83,21.03,10.5,10,36,37.3,26.8,75,65,230610
Argentina,77.5,71.5,82.2,84.6,72.8,71.9,36.4,85.5,92.4,87.7,71.2,93.3,75.9,86.9,54.8,76.6,90,21.18,121.2,10.2,7.1,18.51,53.76,28,9.66,28.68,38,42275,98.87,98.5,97.68,2,2,2,2,5.92,100,84.9,54.3,0.43,0.968,5.05,65.2,3504,3184,4,2,2,2,54,2,62,94,50.9,60,2,56,3,99,10.9,3,3,2,40,34,36,26,76,1,0,0,1,2,3,1,1,2,3,0,436.7,45.6,92.1,9070,42.9,0.5,100,2.2,62.8,1.9,7,42,5.3,0.8,38.65,6.55,9,7,85.5,88,79,98,91,9571562
Australia,81.2,79.1,87.4,81.1,71.1,77,47.7,91.7,100,99.4,63.2,93.3,68.8,84.6,55.3,73.3,88,35.68,107.7,2.1,4.2,25,76.98,22,15.55,114.9,28,67209,99.5,99.5,99.5,2,2,2,2,11.63,100,100,100,0.463,0.792,1.15,292,4006,2724,4,2,2,2,36,3,32,66,90.6,56,2,14,3,100,12.7,3,2,2,56,46,26,22,66,4,2,1,1,2,3,1,1,0,3,0,1579,25.8,86.2,53690,34.4,0.4,100,11.2,100,1.5,9,77,8.2,0.9,22.85,2.65,2,4,89.6,95,93,95,91,9099619
Austria,78.5,74.3,83.7,77.9,80.9,77.3,45.6,74.5,100,93.3,64.5,80,75.8,90.4,52.2,100,90.4,28.93,119,3.2,1,24.65,107.76,19,14.67,61.06,27,52219,99,98,98,2,2,0,1,11.51,100,100,75,0.176,0.761,0.84,221.7,3526,3496,4,0,2,2,48,3,50,72,88.8,66,2,30,3,100,12.5,3,3,2,68,30,24,18,60,4,2,1,1,2,3,1,1,2,3,2,492.9,8.7,58.7,48350,30.8,0.5,100,0,100,1.3,8.2,76,7.7,0.9,7.59,1.08,3,1,87.5,94,91,97,96,2606000
Bahrain,76.5,71.8,77.2,85.6,75.2,68,46.9,72.6,100,92.3,46.9,93.3,77.8,83.7,62.1,80,99.5,8.75,102.8,1.1,0,17.33,66.29,11,15.16,81.69,24,453431,100,100,100,2,2,0,0,13.54,100,100,73.3,0.988,1.242,2.02,275.2,3380,7592,4,2,2,2,38,3,50,86,59.7,70,2,54,3,97.5,9.5,3,3,2,58,64,34,40,60,4,2,1,1,2,3,0,1,2,3,1,42.4,1.5,89.5,19900,34.4,0.6,100,33.9,100,2.1,2.5,42,6.3,0.8,1.47,0,1,0,99.7,94,93,100,100,148928
Bangladesh,66.4,56.7,76.9,74,59.3,49.4,35.7,57.2,84.3,83.5,63.7,86.7,61.2,48.2,64.2,65.6,39.4,6.1,107,13.2,18.6,38.39,39.45,12,8.01,12.25,42,60354,99.62,97.8,97.8,1,2,0,1,0.12,93.2,76.8,39.4,1.334,1.798,2.44,18.6,3467,5485,4,1,2,1,52,1,50,96,33.3,74,2,70,2,74.9,6.2,2,1,2,52,72,42,40,62,2,1,1,0,2,2,1,1,2,0,0,410.8,166.3,38.2,2030,32.4,2.6,92.2,0.1,40,2.1,6,26,4.6,0.5,40.84,123.85,10,18,24.8,76,66,97,79,10052819
Belgium,79.6,78.4,87.6,72.7,73.7,78.9,46.5,88.4,100,99.6,63.5,80,65.4,95.9,50.7,74.4,90.9,40.85,99.5,3.1,0,22.21,112.07,17,15.03,66.08,30,134827,100,100,100,2,2,2,3,3.44,100,100,100,0.376,0.401,0.82,276.4,3420,3381,4,0,2,2,52,3,20,68,86.8,56,2,18,2,100,12.1,3,4,2,64,30,20,24,54,4,2,1,1,2,1,1,1,2,2,0,638.6,11.6,98.1,45750,27.2,0.1,100,4.3,100,1.5,7.5,76,7.6,0.8,10.61,0.98,3,0,91.5,97,94,97,97,4734210
Benin,44.5,31.2,66.6,35.6,49.2,40.6,32.3,22.4,29.5,74.1,51.8,40,31.2,46.4,51.3,50,4.6,0.25,91.9,10.2,3.5,12.56,15.65,46,9.71,20.29,36,29655,98,80,46,0,0,0,0,0.8,58.1,9.4,14.5,3.278,4.098,24.32,44,5188,6507,2,0,1,1,48,1,34,76,20.7,40,0,48,1,42.4,3.8,3,2,2,44,42,38,38,38,0,0,0,0,1,3,1,1,1,0,0,16.3,12.4,48.4,1280,47.8,22.4,40.32,2.4,3.7,2.1,4.6,41,5.3,0.4,3.13,9,5,3,25.8,49,44,86,83,29981
Botswana,57.6,50,79.4,38.8,60.3,62.9,33.1,56.6,47.2,90.4,57.3,30,47.7,80,51.9,48.9,70.6,11.04,162.8,36.1,-3.7,11.46,12.29,46,10.94,26.63,36,47554,98,97,77,0,2,1,1,4.17,71.4,28.9,66.4,0.964,1.383,4.45,71,3771,6331,3,0,0,1,51,2,60.8,92.2,38.7,51,0,66.7,1,86.8,9.6,3,3,2,43.1,72.5,21.6,15.7,47.1,0,0,0,0,2,2,1,0,2,0,0,18.1,2.4,70.9,6640,53.3,3.9,70.18,0,86.3,1.8,7.6,60,4.8,0.5,1.5,0.85,22,-3,64,61,39,82,85,259525
Brazil,79.9,72.1,86,92.6,67.8,63.5,42.8,82.6,99.6,89.4,79,100,85.3,66.7,63.5,73.4,83.2,17.1,96.8,10,9.4,58.39,100.46,14,10.45,31.34,38,29238,90.27,90.11,88.23,2,2,2,3,1.88,99.7,99.6,63.4,0.667,2.653,1.99,63,2590,2157,4,3,2,2,58,3,64,98,63.5,76,2,62,3,93.2,8,3,1,2,58,48,46,34,76,3,2,0,1,2,3,1,0,2,3,0,1601,213.3,87.1,7850,53.4,1.7,99.8,2,83.2,2.4,6.9,38,5.9,0.8,172.25,39.51,9,9,81.3,90,81,96,87,36344670
Bulgaria,78.9,77.2,82.1,81.3,71.1,73.2,55.6,79.8,100,88.1,70.1,80,82.7,81.5,48.6,83.3,78.8,30.44,114.4,8.3,4,68.2,82.45,12,19.42,117.92,25,538643,99.99,99.99,99.85,2,2,1,1,10.16,100,100,57,0.977,1.629,1.72,99.6,3339,3329,4,0,2,2,62,3,58,84,73.9,70,2,56,3,98.4,11.4,3,2,2,34,40,26,24,56,3,2,1,0,2,3,1,1,2,3,0,79.3,6.9,75.7,9630,41.3,0.2,100,2.9,100,1.6,6.7,44,6.3,0.8,4.87,2.07,8,4,70.2,96,88,100,96,2115053
Burkina Faso,42.8,31.1,66.2,31.6,42.4,43.3,29.9,19,32.1,71.9,54.7,30,33.1,22.2,52.7,52.2,25.9,0.07,105.8,30.4,6.4,10.89,23.08,77,9.79,17.38,51,13081,92,48.4,26.92,0,0,0,1,0.47,68.7,1.9,16.8,6.374,6.374,33.66,29.1,3881,7218,3,0,0,1,40,1,54,90,18.4,50,0,60,0,39.3,1.6,0,3,2,54,44,30,34,44,0,0,0,0,1,2,1,1,2,0,0,19.5,21.5,30.6,770,35.3,11.2,18.38,0,1.4,2.5,3.7,40,5.2,0.4,4.6,16.3,17,6,22,56,39,94,88,13979
Cambodia,61.4,55.9,75,57.8,50.1,53.4,36.7,49.9,83.4,82.1,60.8,66.7,49,50,26.9,73.4,21.3,1.4,126.1,0,2,28.51,27.32,12,10.41,22.83,31,32931,99,88.6,91.5,1,1,0,1,1.18,100,66.9,36.8,1.588,1.588,12,138.4,3392,5251,4,1,1,1,36,2,40,84,31.1,72,0,52,3,80.5,5,3,0,0,58,44,26,30,60,3,2,0,1,2,3,1,1,2,0,0,26.6,17,24.2,1500,37.9,0.4,93,1.2,6.6,2,3.1,21,5.8,0.5,5.27,10.74,0,2,32.9,80,80,100,98,233772
Cameroon,52.6,37.1,78,51.7,40.2,44.9,31.8,6.7,65,81.4,71.1,56.7,46.8,49.2,22.3,48.9,21.7,2.72,84.2,9.1,-2.2,9.16,14.61,59,10.15,25.04,35,3487,77.31,18.66,10.76,0,0,0,0,0.37,98.3,32.2,38,1.691,2.506,20.33,40.1,3840,3087,3,1,1,2,50,1,54,70,35.5,38,0,60,2,77.1,6.3,2,1,0,48,44,30,30,44,2,2,0,0,1,2,1,0,2,0,0,45.2,27.2,57.6,1520,46.6,8.4,63.45,2.2,23.1,2.7,2.8,25,5,0.4,10.04,16.51,7,-2,37.8,77,70,91,93,722579
Canada,81.3,80.1,86.3,79.3,75,76.8,54.1,89.5,100,95.2,68.4,86.7,71.9,85.9,52.3,86.7,92,41.93,85.7,3.2,0,76.89,172.36,20,13.95,93.51,32,73419,99.7,99.7,99.5,2,2,2,3,4.73,100,100,84.3,0.577,1.54,1.14,455.6,2627,1416,4,1,2,2,54,2,50,80,90.8,64,2,20,3,100,13.4,3,2,2,48,56,22,16,58,4,2,1,1,2,3,1,1,0,3,2,1917,38.1,81.6,43580,33.3,0.1,100,6.6,97,1.3,9.2,77,8.2,0.8,36.6,1.14,3,0,97,95,92,88,88,15825813
Chile,80.6,76.4,86.4,80.7,79.4,74.6,53.3,77.8,100,90.8,77.5,80,81.4,85.4,63.9,88.9,91.1,19.69,131.1,7.4,3,128.57,192.82,16,12.03,20.92,36,201188,99,95,88,2,2,2,2,0.52,100,100,66,0.39,0.975,2.33,108.3,2581,2145,4,3,1,2,64,3,60,80,68.4,74,2,54,3,96.4,10.6,3,3,2,62,52,50,32,70,4,2,1,1,2,2,1,1,2,3,1,287.1,19.2,87.7,13470,44.4,0.2,100,14.6,78,1.8,8.3,67,7.6,0.8,16.88,2.24,7,3,88.3,94,87,99,96,3763826
China,80,77.6,82.6,86.5,68.1,77.7,64.5,68.4,100,90.7,66.6,93.3,79.6,61.9,69,73.4,77.9,33.6,119.4,0,0,46.96,185.55,13,29.17,151.1,29,43460,99.9,99.9,99.9,2,2,0,2,0.01,100,100,63.7,0.301,0.301,0.49,90.6,4281,3333,4,2,2,2,46,2,56,96,70.1,98,2,52,3,96.8,8.1,3,0,2,72,66,56,34,68,3,2,0,1,2,3,1,0,2,3,0,17901,1422,61.4,10550,38.5,0.1,100,0.3,98.4,2.1,2.3,42,5.9,0.8,994.12,417.88,0,0,70.4,81,81,100,100,483549500
Colombia,74.5,66.7,82.4,82,66.7,64.3,37.2,73,92.5,87,73.3,86.7,77.4,62.3,54.5,83.3,56.5,15.26,133,14.7,3.2,30.78,61.93,27,9.93,17.61,49,194988,100,100,98,2,2,0,3,0.39,99.5,85.6,54.8,1.01,2.689,3.88,52.9,3877,2369,4,1,2,2,62,3,56,90,59.1,40,2,68,2,95.6,8.5,3,0,2,62,40,36,16,60,3,1,1,1,2,3,1,1,2,3,0,309,51.3,81.4,5790,51.3,1.9,99.77,3.9,75.9,2.7,7,39,5.8,0.7,35.51,15.37,10,3,69.8,68,58,93,90,7764772
Congo (DRC),30.2,18.3,40.9,33.9,38.3,18.5,18.4,15.7,20.6,28.8,65,30,37.8,43.9,34.4,36.7,1.3,0.03,45.6,42.3,33.9,5.66,11.29,308,8.72,18.1,53,9510,70,54,40,0,0,0,0,0.22,50.7,0.5,11.3,18.708,43.653,1084.75,44,2872,5536,3,0,0,1,42,1,54,80,12.8,38,1,46,1,77,6.8,2,0,1,62,44,22,28,30,0,0,0,0,0,3,1,1,0,0,0,52.2,92.4,45.6,550,42.1,39.3,19.1,0.3,9.2,3.2,1.1,18,3.9,0.3,12.18,77.38,11,19,13.6,26,15,56,37,31000
CÃ´te d'Ivoire,58.4,51.4,68.8,62.5,47,47.1,32.8,50.4,75.3,79.9,46.6,56.7,68.3,35.2,60.1,45.6,18.9,0.99,152,37.8,0,11.04,41.35,51,8.76,19.19,35,9461,97.6,94.6,60,1,2,1,0,0.37,100,50.8,33.9,1.859,4.131,17.28,41.9,3424,9606,3,1,1,1,52,2,66,94,30.4,66,2,62,3,89.9,5.3,0,1,2,56,60,38,34,58,0,0,0,0,0,2,1,1,2,0,0,70,27,51.7,2280,41.5,9.8,68.55,2.2,13.5,2.1,4.1,36,5.4,0.4,9.33,16.38,28,0,36.3,74,46,98,98,260097
Cuba,56.1,49.7,63.9,58.3,53.7,46.5,23.1,29,100,87.2,17.4,60,56.6,70.2,34.3,56.7,33.3,2.05,58.8,-23.7,4.2,4.92,5.49,152,12.46,26.82,108,4875,85.61,70.52,39.71,0,1,0,1,0,100,100,53.2,0.165,1.653,5.79,79.1,10000,10000,4,0,1,1,42,2,56,94,51.5,64,0,60,3,99.8,11.8,3,0,0,62,48,46,36,68,2,2,0,0,2,3,0,1,2,0,0,35.3,11.3,77.2,9328,46.3,1.1,99.8,3.5,100,2,2.8,47,3.8,0.4,8.38,2.94,-14.4,4,74,60.7,75.1,95.9,91.9,231654
Denmark,80.2,81.6,82.9,76.4,74.1,86.5,64.6,75.2,100,91.1,66.6,80,72.8,84.4,49.1,88.9,92.5,44.72,125.2,0,0,147.41,209.36,13,20.76,93.21,25,87136,100,100,100,2,2,0,2,6.88,100,100,66,0.448,0.395,0.81,251.1,2830,3408,4,0,2,2,42,3,32,74,94.5,84,2,12,3,100,12.6,3,2,2,40,54,22,20,48,2,2,0,0,2,2,1,1,2,3,2,399,5.8,88.1,63010,28.2,0.1,100,63.7,100,1.3,9.2,88,8.3,1,5.59,0.2,0,0,96.5,97,97,100,100,2590282
Dominican Republic,70.8,63.8,78.4,74.3,68.4,47.8,34.9,76.8,95.8,87.7,59.8,80,68.6,73.3,55.1,76.7,36.5,9.51,82.9,12.9,8,10.4,30.97,25,9.05,32.61,37,72980,99.53,99.5,96.64,2,2,2,1,1.83,98.2,93.8,58.4,1.036,3.351,2.82,79.1,4890,4509,4,3,1,2,48,1,52,94,59.3,40,2,70,2,93.8,8.1,3,2,2,52,48,38,24,56,3,1,1,1,2,3,1,1,2,1,0,89.6,11,82.5,7260,41.9,0.2,100,8.2,71.8,2,6.3,28,5.3,0.7,8.34,2.51,11,8,76.9,85,74,100,92,1031858
Egypt,70.3,67,76,70.6,66,59.2,35.5,73.7,99.7,83.6,60.9,86.7,54.5,51.3,70.1,76.7,73,9.14,93.2,6.9,3,8.6,49.12,23,9.58,22.49,36,48877,99.83,99.2,96,1,2,2,2,0.2,100,99.5,47.1,0.482,7.227,3.46,40.2,3131,6328,4,1,2,2,34,0,50,88,36.6,70,1,48,3,71.2,7.4,3,0,2,82,56,46,42,74,3,2,1,0,2,3,1,1,2,1,0,403.9,102.4,42.8,3000,31.5,0.6,100,3.1,49.1,2.4,2.9,33,5.1,0.6,72.35,28.25,5,3,71.9,72,67,100,97,9349469
El Salvador,62.8,59.7,79.3,53,45,54,33.9,55.6,95.5,82.7,72.4,50,56,69.3,35.6,30,27.6,9.03,153.4,23.6,4.1,8.04,24.18,40,10.2,22.97,29,79792,98,87,68,0,2,2,1,0,98.7,92.5,45.3,2.946,4.714,9.26,79.1,2633,3635,3,0,1,2,50,2,48,94,37,42,1,54,1,89.1,6.9,3,2,1,44,46,28,16,54,0,0,0,0,1,0,0,1,2,0,0,27.4,6.5,73.4,3630,38.8,0.2,100,0,42.8,2.2,5.9,36,5.5,0.6,3.54,2.95,17,4,54.6,72,55,97,93,586000
Estonia,79.5,77.9,84.5,79.8,70.3,81.6,47,83.1,100,94,65.6,80,79.5,85.3,49.9,75.5,90,31.33,145.2,-2.1,0,63.34,81.5,14,14.35,63.26,28,122159,100,100,99,2,2,0,2,15.06,100,100,78.2,0.104,1.089,0.94,151.9,3501,3837,4,0,2,2,60,3,64,80,90.8,64,2,52,2,99.8,13.1,3,2,2,30,54,32,16,56,2,2,0,0,2,2,1,1,2,3,0,35.8,1.3,69.2,23170,30.3,0.2,100,45.2,100,1.6,7.8,75,7.4,0.9,1.18,0.15,-2,0,89.1,97,99,100,100,415610
Ethiopia,48.2,38.7,55.2,57.9,46,32.8,33.5,24.4,64.2,73.2,19.3,66.7,49.2,48,26.5,63.4,18,0.18,38.7,12.1,1,12.42,14.67,53,14.43,22.86,49,1383,97,85,7,0,1,0,1,0,96,33.5,16.3,2.33,9.319,19.73,23.7,10000,10000,4,1,1,1,32,2,54,92,27.5,26,0,60,3,51.8,2.9,3,2,0,54,40,34,36,54,3,1,1,1,2,3,1,0,1,2,0,91.7,117.9,21.7,890,35,8.9,48.27,0,20.6,2.6,3.4,38,4.3,0.3,27.6,87.4,8,1,24,66,58,99,98,212000
France,83.5,81.3,86.9,88.7,71.9,81.8,56.1,87.2,100,95.6,69.7,100,77.5,80.1,55.7,80,85.9,46.92,111.5,2.2,5.6,140.85,196.22,25,11.18,73.16,37,54598,99,99,99,2,2,2,3,2.6,100,100,84.5,0.621,0.59,1.28,272.8,2604,2684,4,3,2,2,32,3,56,88,90,58,2,30,3,100,11.5,2,3,2,64,46,26,26,58,2,2,0,0,2,3,1,1,2,3,0,2972,65.4,81,39480,32.4,0,100,4.1,98.6,1.9,8,69,7.7,0.9,55.35,9.92,2,5,84.8,93,91,90,85,30627000
Gabon,59.6,55.6,75.4,46,55.7,65.1,33.5,55.4,68.2,83.5,59.3,50,42.1,46.2,50.9,70,68.3,2,137,-1.5,-2.2,6.37,21.58,35,10.03,24.07,32,35923,99,98,98,1,1,0,1,4.39,98.5,38.5,41.6,1.129,2.508,7.38,109.4,5046,4240,3,0,1,1,38,1,56,96,38,44,0,44,2,84.7,8.7,0,2,2,70,34,32,24,38,3,2,1,0,1,3,1,1,2,1,0,18.8,2.3,90.1,7030,38,0.8,90.69,26.4,48.1,2.1,3.5,30,5.2,0.5,1.38,0.85,-1,-2,62,66,67,89,91,44607
Germany,80.9,80.8,85,78.4,74.6,86.6,47,89.4,100,93.2,68.7,86.7,70.2,87.5,59.6,76.6,92.1,43.22,128.2,0,-1.1,31.63,124.63,21,14.57,69.1,33,53757,99.9,95.7,99.8,2,2,2,3,4.95,100,100,74,0.145,0.541,1,209,3378,2704,4,1,2,2,48,2,52,80,93.4,78,2,28,2,100,14.2,3,2,2,64,48,26,24,76,3,2,0,1,1,3,1,1,2,3,0,4165,82.9,77.5,47470,31.9,0,100,0.8,94.4,1.5,8.7,80,8.2,0.9,74.4,8.44,0,-1,89.8,92,92,94,95,36215303
Ghana,61.9,52,77.9,59.4,58.3,51.3,35,38.6,83,82.4,68.9,50,68.7,66.4,50.6,57.8,33,0.25,130.2,28.4,0,34.54,51.65,37,8.68,12.81,43,42131,96.98,95.82,67.65,0,0,1,1,0.32,93,74.5,38.7,0.683,3.261,11.01,33.2,4049,3475,3,0,1,2,38,1,52,96,51.9,50,2,76,2,79,7.3,3,2,2,50,36,28,24,54,1,0,0,1,2,1,1,1,2,0,0,79,31.7,57.3,2340,43.5,4.4,83.5,1.9,19.9,1.7,6.5,43,5.3,0.6,18.02,13.05,23,0,58,81,58,97,97,78371
Greece,80.4,76.3,83.8,91,65,79.1,42.2,83.9,100,92,67.5,100,82,86,39,70,80.4,40.84,109.5,0,1,8.33,36.5,31,16.13,75.46,27,205429,99.9,99.7,98.8,2,2,2,2,3.86,100,100,70.7,0.584,0.886,1.6,134.8,3627,3392,4,3,2,2,50,3,66,84,79.2,74,2,48,3,97.9,10.6,3,3,2,14,30,12,12,56,3,2,1,0,1,3,1,1,2,1,0,208.3,10.4,79.7,17930,32.9,0.1,100,10.6,72,1.9,7.4,50,5.9,0.8,8.14,2.28,0,1,78.1,96,96,99,98,4257026
Guatemala,63.9,54,74.8,78.2,41.5,43.1,37.7,43.3,92.1,82.9,58.7,93.3,63,72,22.5,30,22.7,3.42,113.8,29.2,20,6.9,22.21,30,16.73,29.29,26,19966,100,95,40.35,0,2,0,2,0,99.6,84.8,50.6,3.111,7.824,7.59,79.1,5023,4651,4,2,2,2,40,1,44,90,36.8,60,2,62,2,80.8,6.6,3,3,0,54,26,28,28,58,0,0,0,0,1,0,0,1,2,0,0,85.4,18.3,51.8,4490,48.3,2.6,95.72,3.3,44,2.2,5,25,5.4,0.5,8.95,8.97,14,14,50,48,34,70,56,612000
Honduras,59.6,51.7,70.4,63.7,50.8,44.4,34.6,49.3,78.4,73.3,64.7,70,57.4,60.2,53.2,38.9,42.8,4.01,70.3,13.2,6.6,10.96,24.14,30,10.42,26.6,40,115004,88.17,80.7,75.24,0,2,0,2,0.99,90.6,68.2,27.1,8.134,11.088,15.41,79.1,5565,2629,3,0,2,2,46,1,44,96,44.2,46,1,56,2,88.5,6.6,2,2,2,52,46,30,32,48,1,0,1,0,0,2,1,0,2,0,0,28.5,10.1,58.4,2180,48.2,5,92.78,5,35.5,2.4,5.4,24,5.1,0.4,4.16,5.74,7,5,42,53,46,76,71,396916
Hungary,74.9,71,84.7,77.5,56.3,74.3,55.3,54.6,100,92.1,69.8,80,74.9,70.4,45.2,53.3,87.6,33.8,107,9.6,6.1,95.55,195.98,15,15.42,54.76,25,60929,99.2,99.2,99.2,2,0,0,1,3.11,100,100,70.3,0.253,0.721,1.38,147,3436,2883,4,0,2,2,53.8,3,48.1,90.4,80.5,73.1,1,44.2,3,99.1,12,3,0,2,42.3,25,30.8,19.2,46.2,2,2,0,0,0,3,0,1,2,3,0,175,9.6,71.9,15890,29.6,0.1,100,0,98.7,1.5,6.6,44,6.8,0.8,8.19,1.47,9,6,84.8,94,85,98,92,3265308
India,74.1,61.5,86.4,82.1,71,40.9,35.9,69.4,99.7,89.6,80.1,80,84.3,61.1,71.9,80,36.4,1.66,83.6,25.6,14.3,55.97,59.46,18,4.91,15.59,49,56110,99.12,98.56,98.45,1,2,2,1,0.19,100,99.4,61.8,0.083,1.5,3.24,20.1,2887,1947,4,0,2,2,58.8,3,64.7,96.1,57.1,76.5,2,62.7,3,74.4,6.5,2,3,2,72.5,62.7,45.1,54.9,74.5,2,0,1,1,2,3,1,1,2,3,0,3017,1393,34.9,1920,35.7,4.6,97.82,0.2,37.6,2.6,6.6,40,5.4,0.6,593.4,786.6,11,12,43,43,32,84,72,22950000
Indonesia,74.7,69.4,75,83.8,76.3,67.1,36.3,74.7,99.4,82.7,59.8,86.7,80.9,74.3,61.3,93.3,78.2,4.29,130,0,1,16.51,27.52,18,11.78,20.4,36,119998,97.89,96.33,96.1,2,2,2,1,0.26,100,98.8,37.9,0.857,1.839,10.79,30.6,2958,6870,4,1,2,2,44,3,54,92,50.1,88,2,62,3,96,8.2,3,2,2,70,54,36,18,72,2,2,0,0,2,3,1,1,2,3,2,1124,269.8,56.6,3870,38.2,0.3,98.85,7.9,61.4,1.8,6.3,37,5.5,0.7,143.74,123.8,0,1,53.7,66,66,99,98,11722218
Iran,74.8,68.7,76.1,84.1,76.9,71.6,34.6,70.5,98,81.9,64.3,86.7,81.5,80.9,63,86.7,93.3,11.39,151.9,2.9,6.5,13.58,22.1,42,11.59,30.34,37,45748,96.9,85,81,2,2,2,1,0.47,100,96.1,31.2,0.989,0.998,1.31,68.6,4761,3600,4,1,2,2,48.1,3,53.1,89.8,75,79.5,2,48.9,3,85.5,10.3,3,3,2,61.7,56.7,42,35.8,65.1,4,2,1,1,2,3,1,1,2,3,0,180.5,85,75.9,2960,42,0.1,100,1.3,36.3,2.6,2.2,25,3.9,0.7,70.65,13.35,2,6,84.1,68,66,92,86,9564195
Ireland,78.1,72.9,88.3,77.1,70.1,76.4,43.4,71.6,100,98.5,67.9,80,74.2,84.6,52.6,73.3,92,30.71,106,-1.1,2.1,31.06,113.55,22,11.28,46.91,33,78786,99,95,90,2,0,2,2,6.02,100,100,95.4,0.099,0.646,1.37,269.1,3684,2087,4,0,2,2,50,3,46,78,93.4,70,2,34,2,100,12.7,3,2,2,46,48,16,16,72,4,2,1,1,2,3,1,1,0,3,0,517.2,5,63.7,65620,31.4,0.2,100,34.1,92.3,1.3,9.1,72,8.1,0.8,4.54,0.4,-1,2,92,92,93,97,95,1516473
Italy,80.1,74.5,87.9,83.6,72,77.7,42.3,78.1,100,95.5,72.5,100,67.2,79.8,53,83.3,79,29.98,128.3,1.1,1,38.81,94.99,25,12.16,47.47,44,33968,100,100,100,2,2,2,1,2.32,100,100,83.9,0.459,0.382,1.47,187.6,2796,2518,4,3,2,2,39.2,3,45.1,76.5,81.8,74.5,2,33.3,1,99.2,10.4,3,2,2,47.1,47.1,25.5,23.5,60.8,3,2,1,0,2,3,1,1,2,3,0,2122,60.4,71,32290,35.9,1.1,100,6,88.3,1.7,7.7,53,6.6,0.8,42.62,17.85,1,1,70.5,94,93,99,98,18128787
Jamaica,64.9,65.3,75.1,51.8,58.9,62.1,37.7,63.1,98.4,85.8,53.6,50,53.5,74.4,45.6,56.7,64.4,13.02,97,-2.3,0,20.3,39.09,26,11.14,40.18,31,66434,100,99,97,0,2,2,1,0,100,96.8,62.8,5.35,6.158,6.07,79.1,5323,5633,3,0,1,2,42,2,42,88,55,50,1,58,0,88.1,9.7,3,2,2,40,46,24,14,42,2,2,0,0,2,0,1,1,2,0,0,14.4,2.7,56.3,4670,35,0.4,99.38,55,72.8,2,7.1,44,5.8,0.5,1.86,0.87,-2,0,68.2,86,88,100,100,385603
Japan,80.1,78.7,85.4,78.8,71.8,79.5,54.1,81.2,100,96.3,63.7,93.3,64.2,91,41.2,83.3,97.3,34.79,154.2,16.3,8.5,150.77,172.27,22,11.4,58.12,43,24796,99.9,99.9,99.9,2,2,2,2,0.87,100,100,87.1,0.525,0.432,1.1,437.7,3353,2031,4,2,2,2,24,3,38,78,88.7,70,2,22,1,100,12.8,3,3,2,32,26,32,22,32,1,0,0,1,1,3,1,1,2,3,2,5005,126.1,91.8,40360,32.9,0.2,100,4,98.7,1.4,8.1,74,7.5,0.9,114.13,12.37,14,8,90.2,86,72,94,86,44000791
Jordan,69.3,65.7,76.5,73.4,54,48.9,44.9,69.1,100,81.7,66,80,66.8,79.6,28.1,54.4,41.6,6.18,68.5,-2.3,0,66.98,74,19,16.58,24.62,23,55514,99.8,99.8,99,0,2,2,2,0.91,100,100,42.8,3.058,5.094,12.06,108,3564,4046,4,0,2,1,38,3,36,82,54.7,56,2,48,3,98.2,10.5,3,2,0,54,54,28,36,54,4,2,1,1,2,1,0,1,2,0,0,45.1,11,91.4,4310,33.7,0,100,3.6,100,1.9,3.6,49,5.4,0.5,6.81,3.49,-2,0,66.1,88,90,100,100,630545
Kazakhstan,73.1,67,80.8,79,62.9,74.2,40.2,53.6,100,89.3,63.7,80,77.9,76.7,49.7,62.2,92.4,13.96,129.4,0,0,55.38,58.2,21,11.21,26.97,37,97910,98,93.4,81.3,1,2,0,1,0.53,100,100,59.1,0.235,0.769,0.76,42.3,3412,5340,4,3,1,2,58,3,50,84,68.2,66,2,42,3,99.8,11.9,3,1,2,24,56,38,30,42,2,2,0,0,1,2,1,1,2,1,0,190.7,19,57.7,8710,27.8,0,100,0.5,95.9,1.9,3.1,38,5.3,0.8,16.14,2.64,0,0,85.9,92,92,100,100,2620400
Kenya,69.7,59.3,75.1,84.6,64.9,49.7,39.4,58.9,89.3,79,67.4,93.3,75.9,66,59.9,68.9,24.1,1.25,114.2,12.2,0,19.16,19.58,34,12.94,22.72,36,882475,96.3,94,77,1,1,2,1,0.91,100,78.6,33.1,2.384,5.9,14.94,46.4,5127,2666,4,2,2,2,56,1,60,94,49,62,2,80,3,81.5,6.6,3,2,2,56,52,42,20,72,2,1,0,1,2,2,1,1,2,1,0,108.5,55,28,1840,40.8,11.7,69.7,1.5,29.8,2.3,5.1,31,4.3,0.5,15.86,37.91,9,0,29.5,74,65,100,100,674191
Kuwait,78.3,76.1,82.6,80.6,69,70.6,55.8,78.1,100,93.9,60.1,100,61.2,72.8,64.1,70,99.4,1.73,158.5,-0.2,-0.2,31.8,127.79,22,23.08,121.26,23,166752,100,100,100,2,2,2,1,2.31,100,100,77.5,0.203,1.015,0.5,299.7,3366,4080,4,3,2,2,30,3,52,88,68.7,76,0,46,2,96.5,7.3,3,2,2,54,64,40,50,60,2,2,0,0,2,3,1,0,2,3,0,146.8,4.3,100,31246,34.4,0.6,100,11.6,100,1.7,3.8,42,6,0.8,4.23,0.04,-0.2,-0.2,99.1,98.5,98.7,99.2,99.4,73948
Lebanon,61.5,59.8,72.9,58.7,39.6,52.3,35.5,51.4,100,83.3,52.1,60,57.5,45.8,48.7,24.5,84.4,6.33,62.8,7.1,12.1,11.28,15.81,35,12.09,36.47,30,55747,99.61,99.61,99.2,1,1,0,0,4.48,100,100,52.2,3.969,7.542,3.92,179.5,5044,5426,4,0,1,1,26,2,36,96,60.4,24,2,42,2,95.1,8.7,1,0,2,44,46,36,26,34,2,2,0,0,0,1,0,0,2,0,0,11.6,6.7,88.9,5370,31.8,0,100,9,95,2.8,4.2,25,5.4,0.5,5.74,1.09,6,12,84.1,84,78,99,87,432070
Liberia,30.6,20.8,34.3,41.9,35.9,18.4,34.7,26.4,3.6,26.8,49.2,30,53.9,33.8,20.4,53.4,4.2,0.26,32.7,48.6,19.7,20.07,20.81,42,11.77,21.5,26,1461,76,63,35,0,0,1,1,0,17.9,5.7,18.2,7.06,88.25,581.25,44,5002,7353,3,0,0,2,60,1,46,76,16.9,56,1,44,3,48.3,4.8,1,2,0,46,30,28,20,58,0,0,0,0,2,3,1,0,2,0,0,3.9,5.2,52.1,570,35.3,14.5,27.65,1.9,5,2,5.3,28,5,0.3,1.29,3.76,18,12,25.6,37,19,61,49,13000
Lithuania,80.7,81.3,84.3,80.6,68.1,78,55.8,91.4,100,91.2,70.4,80,81.3,91.5,48.2,64.4,82.1,29.27,134.9,4.3,0,121.97,133.76,14,13.37,59.94,28,729708,100,99.99,99.99,2,2,2,2,11.15,100,100,67,0.525,0.735,0.89,110.4,3511,2979,4,0,2,2,44,3,58,92,82.6,76,2,40,3,99.8,13.1,3,3,2,48,40,12,18,58,2,2,0,0,2,1,1,1,2,1,0,63.5,2.7,68,19620,35.7,0.5,100,11.2,83.7,1.7,7.1,60,6.7,0.9,2.26,0.46,4,0,83.1,92,88,100,100,796814
Madagascar,44.8,33.7,61.1,40.6,48.8,29.8,33.9,31.2,40.1,60.4,62.6,50,31.2,63.3,46.4,36.7,16.2,0.12,57.3,22.7,22.5,44.26,41.23,30,7.08,17.73,59,3764,80,65,25,2,0,0,1,0.36,64.4,23.1,15.4,7.842,9.149,166.85,15.5,3708,5536,3,0,1,1,50,1,52,92,19.2,60,0,40,0,76.7,6.1,3,2,2,38,28,24,24,54,0,0,0,0,1,0,1,1,1,0,0,14.1,28.1,38.5,470,42.6,40.3,26.91,1.4,6,2,5.7,25,4.9,0.3,3.89,22.03,5,9,15,22,17,40,31,32000
Malawi,47,33.9,57.7,52,57.1,26.5,35.7,48.3,25.1,58.4,56.3,50,54.1,55.3,49.5,66.7,12.8,0.06,52.3,41.4,13.8,12.62,13.36,42,14.58,30.63,29,5213,86,86,64.57,0,1,2,1,0.51,54.7,4.8,0.9,5.992,23.72,74.9,44,5042,5536,3,0,1,2,50,2,60,84,18,46,0,72,2,62.1,4.7,3,2,2,28,60,36,18,46,1,0,0,1,2,3,1,1,2,0,0,8.5,19.6,17.4,580,44.7,28.7,11.2,0,10.2,1.9,5.7,30,4.8,0.3,1.84,16.79,12,8,9.9,29,17,58,50,12255
Malaysia,78.1,71.4,78.7,89,81.6,74.1,43.8,67.5,100,85.5,65.2,93.3,84.7,78.3,73.1,93.3,91.7,10.38,135.1,-8,0,54.96,101.8,18,10.78,28.33,34,273372,96.7,95.3,93.5,1,2,1,2,1.22,100,100,45.1,0.629,1.006,2.23,127.2,2458,5200,4,2,2,2,60,3,64,94,81.3,86,2,44,3,95,10.4,3,2,2,70,72,48,48,78,2,2,0,0,2,3,1,1,2,3,2,372.5,32.8,77.2,10570,41.1,0,100,9.2,95.1,1.5,7.2,51,7.2,0.8,28.99,3.38,-6,0,89.6,75,81,100,100,3358800
Mali,50.4,40.2,71.1,44.2,41.2,48.1,35.8,26.1,50.7,76.8,59.7,50,38.4,20.7,55.2,47.8,29.6,1.2,125,21.2,15.9,9.1,19.66,35,13.33,36.75,33,7115,100,65,45,1,0,0,0,0,78,28,29,4.814,4.814,24.74,45.4,4607,5110,3,0,1,1,56,1,60,90,17.5,68,0,50,1,30.8,2.4,0,3,2,56,40,30,26,64,0,0,0,0,1,1,1,1,2,0,0,19.3,19.7,43.9,830,33,15.8,48.02,0,2.9,2.8,3.9,30,5.1,0.3,5.22,13.84,7,13,27.4,33,26,82,69,243806
Mexico,77.6,66.7,84.7,87.4,80,56.2,38.1,72.6,100,92.1,70,93.3,81.5,75.2,71.4,93.3,60.6,17.01,95.3,20.8,11.3,20.27,50.47,26,13.28,33.91,46,37654,96.02,95.58,93.47,1,2,2,2,0.31,100,100,72.1,0.586,1.368,2.17,74.6,4565,2336,4,2,2,2,68,3,56,96,46.8,76,2,56,3,95.2,8.8,3,2,2,80,64,38,36,86,2,0,1,1,2,3,1,1,2,3,2,1242,130.3,80.7,8480,45.4,0.5,100,1.2,53.4,2.6,6.1,31,6.4,0.7,92.77,36.13,16,11,72,77,61,97,86,21936131
Mongolia,68.7,60.6,77.6,75.6,60.3,64.3,38.9,53.5,85.9,79.3,74.4,100,51.1,79.6,39,62.2,50.4,9.37,133.1,-2.1,0,37.4,51.31,14,12.21,20.91,38,45536,100,100,73,0,2,2,0,0,99,73.1,22.4,1.942,1.165,1.81,138.4,2987,2270,4,3,2,2,58,1,56,88,65,92,0,64,0,99.2,10.3,3,2,0,70,56,50,36,74,2,2,0,0,0,2,1,1,2,3,0,14.7,3.3,68.7,3740,32.7,0.1,99.13,0,82.8,1.8,6.5,35,5.6,0.6,2.05,1.23,-2,0,62.5,94,96,100,100,307166
Morocco,73.1,67.7,75.7,89,54.6,66.8,37.2,67.1,99.8,86.1,54.9,100,78.1,55,61.1,47.8,84.5,5.7,133.9,9.8,3,15.7,28.04,37,13.23,38.35,30,80744,99.75,99,98.75,1,0,2,3,0.54,100,99.6,52.1,1.997,2.356,4.09,51.3,3414,7453,4,3,2,2,38,3,52,96,44.8,40,2,68,3,73.8,5.6,3,1,2,64,56,50,32,52,2,2,0,0,1,1,1,0,2,1,0,130,37.3,63.5,3020,39.5,0.2,99.6,1.6,87.8,2,5,40,4.9,0.6,31.05,5.86,8,3,84.1,82,74,100,97,2102434
Mozambique,43.2,33.1,56.2,42.7,45.9,25.1,33.5,38.5,35.2,53.9,60.9,40,45.5,46.2,49.4,42.3,9,0.22,49.5,36.7,18.3,8.93,9.88,33,12.67,20.57,43,15222,85,85,50,1,1,0,1,0,57,22.1,18.4,6.179,54.51,33.6,44,3889,5536,4,0,0,1,47.1,1,47.1,92.2,20.1,31.4,0,62.7,3,60.7,3.5,3,1,2,45.1,39.2,25.5,17.6,56.9,0,0,0,0,1,2,1,0,2,0,0,15.4,32.2,37.1,460,54,28.6,29.62,1.2,10.8,2.1,3.5,25,4.9,0.4,5.16,26.1,11,13,16.5,30,19,71,58,70000
Myanmar,63.8,52.8,78.3,60.5,71.3,53.7,34.8,67.5,55.1,82.6,69.6,80,41,69.8,84.1,60,31,1.27,144.4,10.5,4.1,20.46,22.35,22,13.69,23.16,73,46729,96.7,90.9,93.85,1,2,2,1,0.18,76.1,39.1,37.8,0.773,1.607,12.89,138.4,2665,3794,4,0,2,1,40,2,58,96,24,78,0,58,0,89.1,5,2,4,2,82,72,74,70,82,0,0,0,0,2,3,1,1,1,1,0,63.7,54.8,31.1,1350,30.7,0.2,68.36,0.9,5.9,2.5,3,28,5.4,0.4,19.1,35.31,9,4,35.1,86,77,98,94,688815
Namibia,52.6,42.4,67,54.6,46,50.8,33.6,30.4,54.7,82.3,36.4,60,49.2,57.9,23.6,56.7,30.5,2.8,114.1,16.9,0,14.57,18.41,48,12.02,19.68,34,18492,100,89,39,0,0,0,2,0,78.1,35.8,43.2,2.221,5.368,7.63,44,8089,7464,4,0,1,1,49,1,54.9,94.1,43.9,33.3,0,56.9,3,91.5,7,3,0,0,49,45.1,31.4,15.7,58.8,0,0,0,0,1,3,1,1,2,0,0,11,2.6,52,4500,59.1,4.8,55.2,7.7,30.8,1.9,6.5,51,4.8,0.6,1.04,1.5,12,0,41,71,59,100,100,71063
Netherlands,82.3,85.3,83.8,76.2,78.5,85.2,58.1,97.7,100,93.8,63.8,86.7,65.6,96.5,55.7,83.3,93.8,43.92,125,4.1,2.1,85,153.33,15,21.1,100.84,27,119772,100,99,99,2,2,2,3,13.22,100,100,76.4,0.212,0.413,1.41,235.4,3525,3544,4,1,2,2,42,3,40,70,95.8,60,2,26,1,100,12.4,3,4,2,58,62,24,20,56,3,2,0,1,2,3,1,1,2,3,0,1044,17.4,92.2,51060,28.1,0.1,100,5.7,100,1.5,9,82,8.2,0.9,15.83,1.5,4,2,91.3,98,94,97,95,7525016
New Zealand,82.6,82.5,88.1,86.8,58,83.2,55.5,91.3,100,97.9,68.4,100,73.6,55.6,56.1,62.2,89.7,36.6,127.5,-1.1,0,101.99,166.05,18,15.79,78.8,36,172176,98.5,98.5,97.5,2,2,2,2,11.89,100,100,93.8,0.401,0.842,1.2,236.4,3465,2448,4,3,2,2,46,3,36,76,91.8,54,2,24,3,100,12.8,1,0,2,64,42,30,24,62,2,2,0,0,2,2,1,1,0,3,0,233.5,5,86.7,41550,36.2,0.4,100,35.7,92.2,1.3,9.3,88,8.2,0.9,4.57,0.42,-1,0,91.5,93,94,93,93,1764984
Nigeria,66.4,49.4,80.8,76.1,71.8,47.7,31.3,58.6,59.9,82.7,77.1,76.7,75.5,59.1,69.6,86.7,22.5,0.03,99.1,1.3,1,15.36,16.78,53,9.3,22.34,49,8649,90.8,74.49,40.53,1,2,2,2,0.09,91.4,30.4,47.5,1.4,5.602,20.9,31,2981,2507,3,1,2,2,66.7,2,70.6,88.2,46.2,78.4,1,80.4,3,62,6.7,3,2,2,72.5,56.9,52.9,31.4,82.4,4,2,1,1,2,3,1,1,2,3,0,465.1,211.4,52,2000,35.1,12.5,55.4,0.4,18,2.7,4.1,25,4.3,0.4,73.18,132.96,1,1,35.5,76,75,100,99,65313
Oman,77.3,72.8,79,84,76.5,73.1,44.8,77.3,95.8,90.6,55.7,86.7,81.4,77.2,62.4,90,94.4,10.85,133.8,-3,4.3,22.7,62.65,27,17.59,72.99,31,152281,99.38,99.38,97.6,2,2,2,1,2.17,99.9,91.8,67.9,1.056,1.996,3.11,208.1,5003,4321,4,1,2,2,44,3,50,90,70.6,54,2,64,3,95.7,9.7,3,2,2,52,78,36,32,60,3,2,1,0,2,3,1,1,2,3,1,74.3,4.6,86.3,15030,34.4,0.6,100,47.6,100,2,3,54,6.4,0.8,4.38,0.22,-2.8,4.1,95.2,94.4,97.2,95.9,91.8,508949
Pakistan,58.1,45.8,77,57.2,51.9,26.8,33.8,42,80.7,81.5,68,66.7,47.7,25.6,65.8,64.4,40.6,1.14,79.5,67.5,44.7,12.05,13.22,31,11.28,19.52,37,57366,88.82,76.7,68.82,1,1,0,1,0.04,91,72.3,35.3,0.461,3.784,10.01,14.6,2790,5117,4,1,1,2,30,2,52,94,32.5,70,0,66,0,58,5.2,1,0,2,58,48,38,42,86,2,1,1,0,2,1,1,1,2,1,0,281.1,225.2,37.2,1270,31.6,0.6,73.91,0.4,20.3,2.9,4.3,31,4.5,0.4,55.22,165.67,27,38,25,40,13,85,47,2523027
Panama,70.9,65.4,81.7,68.1,66.4,70.9,42.2,60.2,88.2,90.9,63.3,66.7,69.5,71.9,62.9,64.5,72.6,13.03,135,-5.2,0,20.73,118.97,21,12.52,20.23,27,82452,96,95,65,0,2,2,2,0,99.8,76.7,70.7,1.707,1.826,5.31,79.1,3139,5405,4,1,1,2,38,2,56,88,49.5,58,2,62,2,95.7,10.2,3,1,2,76,48,38,30,68,3,2,0,1,2,1,1,1,2,0,0,61.7,4.4,68.4,12420,49.8,0.4,95.83,29.7,51.5,1.9,7.2,35,6.5,0.7,2.77,1.54,-3,0,64.2,58,61,76,76,562413
Paraguay,70.6,64,79.9,76.5,57.2,56.5,36.9,63.2,99.4,85.2,69.2,80,73,68.1,30.2,73.3,36.5,7.88,110.3,-2.6,2.1,20.09,62.56,17,9.62,19.57,38,19074,99.35,95.13,93.14,0,2,2,1,1.39,99.8,99.1,49.8,2.104,2.913,4.62,76.6,3395,3672,4,0,2,2,50,2,46,90,47.1,36,2,66,3,94.5,8.5,3,1,0,58,52,34,24,68,2,2,0,0,1,3,1,1,2,3,0,38.2,7.2,62.2,5180,45.7,0.2,100,0,21.6,2,6.2,28,5.6,0.6,5.27,1.86,-2,2,74,76,78,95,93,562369
Peru,76.2,66.7,81.9,85.6,77.9,60.5,38.4,74.7,93.1,88.6,68.6,93.3,77.9,83,58.5,92.2,38.7,9.23,133.4,5.3,0,26.23,54.36,24,12.7,24.27,35,34040,85,73.94,65,2,2,2,3,0.9,100,86.3,59.9,1.45,1.445,3.85,61.7,2596,4751,4,2,2,2,62,2,70,92,52.5,66,2,58,3,94.5,9.7,3,3,2,60,48,36,30,62,3,2,1,0,2,2,1,1,2,3,2,223.2,33.2,78.3,6030,41.5,0.5,98.35,2.1,75.3,2,6.5,38,6.1,0.7,21.42,11.41,4,0,65.2,76,72,95,95,3044000
Philippines,72.3,67,77.7,81.7,58.1,56.2,39.4,75.9,96.6,83.8,65.5,86.7,76.8,70.5,61.5,42.2,17.7,7.24,136.5,4.8,-3.6,61.13,61.62,21,7.89,30.79,31,27199,99,96,80,2,2,2,2,0.18,99.8,93.4,46.1,1.487,3.958,9.15,25.4,4932,3507,4,1,2,2,58,3,50,98,44.7,94,2,54,2,96.3,9.4,3,1,2,54,66,44,42,50,3,2,0,1,2,2,0,1,0,0,0,392.5,111,47.4,3430,42.3,0.5,95.63,5.6,72.4,2.4,6.6,34,5.7,0.7,54.58,55.02,4,-3,49.8,84,80,84,87,7936574
Poland,80.6,76.1,86.9,86.3,68,75.3,45.7,83.3,100,91.9,77.1,100,72.7,90.4,47.1,66.6,90.4,22.11,130.4,8.1,3,48.74,138.37,20,10.77,48.95,32,22886,100,100,100,2,2,2,2,2.91,100,100,68.6,0.09,0.449,1.2,105,2520,2350,4,3,2,2,58,3,42,86,82.2,76,2,46,1,99.8,12.5,3,3,2,20,30,30,26,64,2,2,0,0,0,3,1,1,2,3,0,660.2,37.8,60,15240,30.2,0.1,100,0.5,100,1.5,6.8,56,7.2,0.9,31.49,6.36,8,3,83.2,99,91,99,96,8369218
Portugal,78.9,77.1,84.8,77,72.5,79,50.7,78.6,100,92.7,68.8,80,74,76.5,64.3,76.7,84.5,40.81,116.3,9.9,3.1,66.19,150.64,14,14.25,60.95,31,107577,99.9,99.9,99.9,2,2,2,1,2.91,100,100,73.3,0.68,0.576,1.56,140.7,3375,3259,4,0,2,2,54,3,52,80,77.5,56,2,44,2,96.1,9.3,3,2,2,50,76,44,30,68,3,2,1,0,2,3,1,1,2,1,0,249.5,10.3,66.3,21790,33.5,0.1,100,29.1,100,1.3,7.9,61,6.9,0.8,8.06,2.24,9,3,78.3,91,82,96,93,4160795
Qatar,79.1,78.2,79.6,82.1,75.7,73.2,61.2,79.1,99.1,99.6,39.6,80,84.2,82.6,65.6,78.9,95,10.28,131.8,0.7,0,56.94,105.15,10,25.16,172.75,23,184423,100,100,99.8,2,2,2,1,3.41,100,98.3,100,0.33,0.395,1.94,341.6,5242,6972,4,0,2,2,44,3,56,96,72.1,80,2,60,3,93.5,9.7,3,3,2,62,60,48,38,68,3,2,1,0,2,2,1,1,2,3,0,171.7,2.9,99.2,55990,34.4,0.6,100,27.3,100,1.6,3.2,63,6.6,0.7,2.87,0.01,0.7,0,99.7,100,99.3,100,100,296126
Romania,78.6,78.5,84,79.6,60.5,74.2,60.6,79.2,100,91.2,69.6,93.3,65.9,64.3,52.8,64.4,86.2,29.55,117.4,10.6,5.2,175.06,216.59,12,14.28,53.88,30,49885,99.98,99.98,99.22,2,2,2,1,3.66,100,100,66.2,0.099,0.785,0.67,80.1,2858,4084,4,2,2,2,52,2,58,94,75,52,2,56,0,98.8,11.1,1,2,2,46,44,20,20,70,0,0,0,0,2,1,1,1,2,3,0,279.2,19.1,54.2,12580,35.8,0.8,100,0.5,78.3,1.5,6.4,44,6.5,0.8,15.09,4.14,10,5,78.5,94,84,97,92,5684782
Russia,78.6,72.9,88.2,83.5,63.2,73.9,43.6,74,100,93,78.8,100,66.9,77.2,38.9,73.3,80,23.23,163.6,7.1,3,92.43,88.86,13,9.96,26.1,43,62843,98.94,88.6,88.6,2,2,2,1,1.88,100,100,73.5,0.285,0.698,0.6,57.7,2494,2336,4,3,2,2,66,3,50,88,76.6,66,2,36,0,99.7,12.2,3,1,2,24,38,16,12,38,4,2,1,1,0,3,1,1,2,3,0,1631,148.9,74.8,10690,37.5,0,100,1.7,80,3,3.3,30,5.5,0.8,126.61,22.35,7,3,85,98,91,100,97,33893305
Rwanda,56.1,46,64.6,60.6,61.6,29.7,32.4,62.5,59.4,61.7,70.5,60,61.2,58.7,60.6,65.6,18.5,0.14,82,46.7,27.9,16.92,20.38,26,5.9,20.11,31,15502,99.94,98.07,98.07,0,2,1,2,0.75,76,47.7,18.3,3.456,34.563,45.83,18.8,5241,1996,4,0,1,1,34,3,52,82,28.3,52,1,68,3,73.2,4.4,3,2,2,58,58,42,38,54,2,0,1,1,2,2,1,1,2,0,0,9.5,13.3,17.4,780,43.7,20.9,37.78,0,60.7,2,3.1,54,5.3,0.5,3.43,9.52,7,17,26.5,15,8,61,44,17685
Saudi Arabia,76.7,75.2,73.8,88.4,68.2,78.5,55.3,68.5,98.6,85.5,50.4,100,76.7,72.6,62.1,70,99.5,22.66,124.1,-2.1,1,35.23,87.92,20,22.41,143.75,34,351794,99.99,99.12,98.25,2,2,0,2,0.56,99.8,97.5,44.6,0.461,0.538,3.06,328.2,4135,5492,4,3,2,2,40,3,54,88,72.3,62,2,36,3,97.6,10.2,3,1,2,60,58,36,40,62,3,2,1,0,0,3,1,1,2,3,0,789.2,35.8,84.3,21930,45.9,0.6,100,6.4,100,2.4,2.1,53,6.2,0.8,34.26,0.75,-2,1,97.9,97,99,100,99,7890261
Senegal,56,51.2,68.3,47.2,55.5,42,33.5,58.3,71,80.8,43.2,40,54.3,54.9,52.8,58.9,11.4,0.92,113.9,23.9,13.6,10.98,32.98,41,8.86,23.03,29,6804,99,99,74.7,1,2,1,1,0,93.6,49.8,37.1,2.761,2.761,18.71,40.3,4110,9782,4,0,0,1,44,2,54,90,44.1,40,0,66,3,51.9,3.2,3,3,2,52,40,34,30,50,3,1,1,1,2,2,1,0,2,0,0,27.4,17.1,48.1,1430,40.3,13.1,70.4,3.5,44.1,1.9,5.7,45,5.7,0.4,7.13,9.61,11,12,42.6,46,35,88,76,153813
Singapore,86.1,89.9,88.8,81.3,72.3,81,85.3,93.1,100,99.7,67,80,82.5,75.3,66,75.5,98.4,25.81,144.3,-2.3,0,234.46,250.42,13,19.56,87.15,22,5299563,100,100,100,2,2,2,2,12.83,100,100,100,0.137,0.412,0.78,200.2,3374,3195,4,0,2,2,40,3,52,90,94.4,76,2,44,3,97.5,11.6,3,1,2,74,68,42,28,66,2,2,0,0,2,2,0,1,2,3,2,381.8,5.5,100,54920,45.9,0.4,100,60.5,100,1.3,6,85,8.5,0.9,5.23,0.45,-1.7,0,92,75,76.7,96,96,1509700
South Africa,74.3,69.6,80.4,74.7,73.9,64.9,39.3,80.8,93.4,88.5,64.1,83.3,66.1,84.1,63.2,74.4,63.9,2.2,161.8,-7.6,0,34.5,47.96,24,10.87,44.76,30,27363,99.99,99.8,96.45,2,2,2,2,1.17,95.3,92.4,59.9,0.931,2.18,3.77,72.8,3064,5323,3,2,2,2,52,3,46,88,56.5,70,1,66,1,95,10.2,3,3,2,68,44,38,36,74,3,2,1,0,2,1,1,1,2,3,0,408,60,67.4,6010,63,6.1,85,2,61.6,2.3,7,44,6,0.7,41.52,17.79,-5,0,70,66,71,99,99,1303057
South Korea,84.4,87.1,81.7,87.1,76.6,88.4,74.2,85.5,100,91.4,62.2,93.3,80.9,83.6,46.1,100,99.7,43.55,137.5,1.1,-1,196.2,209.25,14,22.78,183.4,30,88300,99.9,99.9,99.9,2,2,2,3,0.58,100,100,68.1,0.426,0.937,1.05,344.8,3538,3003,4,2,2,2,29.4,3,54.9,86.3,89.8,100,2,37.3,3,100,12.2,3,2,2,39.2,35.3,29.4,7.8,54.9,4,2,1,1,2,3,1,1,2,3,2,1794,51.3,81.4,32960,31.4,0,100,2.1,100,1.9,8,61,7.4,1,49.48,1.79,1,-1,96.5,88,87,99,100,22327182
Spain,82.5,78.3,87,87.4,76.4,81.3,57.3,74.8,100,94.2,72.5,93.3,81.4,85.6,57,86.7,95.4,34.62,119,4.1,-2.1,169.49,193.34,21,13.48,53.07,41,26859,99.8,99.8,99.6,2,2,0,3,1.93,100,100,78.8,0.243,0.68,1.89,213.7,2583,2500,4,2,2,2,50,3,56,90,84.9,56,2,46,3,98.6,10.3,3,3,2,52,46,30,20,76,4,2,1,1,2,3,1,1,2,3,0,1439,46.8,80.8,27360,34.7,0.6,100,11.8,100,1.6,8.1,62,7.4,0.9,43.58,3.18,4,-2,93.2,97,93,97,99,16188502
Sri Lanka,69.4,62.2,79.2,78.1,51.7,58,33,57.9,100,85.9,66,100,56.1,52.7,59,43.3,52.8,8.32,138.8,20.8,10.4,12.99,27.53,29,7.31,16.08,29,47691,99,96,96,1,2,1,0,0,100,100,45.3,0.278,0.78,0.85,24.2,3887,4431,4,3,2,1,52,1,52,100,47.8,84,1,56,2,92.3,10.6,0,2,0,84,82,72,72,88,0,0,0,0,1,0,0,1,2,0,2,81.2,21.5,18.7,3720,39.3,0.1,100,4.2,41.9,2.1,6.1,38,5.1,0.7,7.49,13.92,16,10,35,77,61,96,86,1781530
Sudan,52.5,32.1,71.9,66.5,47.7,34,27.4,17.2,49.8,75.5,64.7,80,52.9,30.1,99.7,13.3,16.2,0.07,80.3,34.9,13.3,9.09,7.7,84,7.36,13.05,42,3475,90.9,64.6,35,0,0,0,0,0,71,34.5,16,2.949,2.906,17.1,22.9,3660,5000,4,0,2,1,62,2,60,96,21.7,88,0,42,3,60.7,3.8,1,1,2,96,98,98,84,92,0,0,0,0,0,0,0,0,2,0,0,52.7,44.9,35.3,530,34.2,2.8,53.83,1.3,4,2.9,2.5,16,3.6,0.3,12.45,31.4,5.9,10,28.4,16.9,11,75,65,28782
Sweden,81.5,81.5,85.9,78.2,75,85.7,59.3,81,100,92.6,72.6,80,76.4,90.4,51.3,83.3,96.1,41.38,126.7,1.1,1,139.76,168.18,16,16.94,91.1,30,69473,100,100,100,2,2,0,2,12.76,100,100,71.7,0.222,0.496,1.05,256.8,2731,1958,4,0,2,2,52,3,44,76,90.8,74,2,26,3,100,12.5,3,3,2,52,36,24,20,62,3,2,0,1,2,3,1,1,2,3,0,616,10.2,88,54050,30,0.6,100,23.6,100,1.5,9.3,85,8.2,0.9,9.57,0.55,1,1,94.5,95,94,99,98,4179574
Switzerland,81.9,84.3,81.3,82.8,72.5,86.6,66.1,84.6,100,95.7,52.5,93.3,72.2,85.9,51.5,80,93.1,46.54,127.3,6.6,0,139.38,210.38,13,23.61,102.57,26,84392,100,100,99.95,2,1,2,2,10.31,100,100,84.3,0.215,0.468,1,491,4324,3403,4,2,2,2,38,2,44,78,95.9,52,2,34,3,100,13.4,3,2,2,58,40,32,26,44,2,2,0,0,2,3,1,1,2,3,0,783.9,8.7,73.9,82620,33.1,0,100,0,100,1.3,8.8,85,8.3,0.9,8.17,0.5,6,0,94.2,91,85,94,94,4028238
Taiwan,82,80.5,81.7,89.7,72.9,75.8,71.8,75.6,98.9,88.5,68.3,100,79.4,87.1,49.5,82.2,88.9,25.4,123.2,4.2,3,155.14,180.16,9,16.49,81.14,24,2385504,100,100,99.8,2,2,1,2,1.27,99,99,54.8,0.238,0.263,0.43,177.4,2639,3816,4,3,2,2,56,3,64,90,62.4,74,2,40,3,100,10.8,3,3,2,50,30,34,28,46,4,2,1,1,2,2,1,1,2,3,0,753,23.5,80,29202,33.6,0.4,99,7.6,100,1.7,8.9,65,7.7,0.7,20.97,2.59,4,3,89,95,91,99,96,6049909
Tanzania,53.2,33.4,75.8,55,61.2,39.1,30.9,20,43.8,75.6,76.2,70,40,57.4,58.5,67.8,14.3,1.9,85.7,30.4,0,16.15,18.21,43,7.44,12.71,41,6515,95,85,13,0,0,0,1,0.49,70.5,23.1,37,4.621,13.864,21.79,22.8,2433,3355,3,3,1,2,30,1,50,86,36.6,40,0,40,1,77.9,6.1,3,1,2,64,50,30,34,58,0,0,0,0,2,1,1,1,2,0,2,70.3,61.5,35.2,1080,40.5,15.9,37.7,0.7,12.4,1.9,5.1,38,5,0.4,13.14,46.59,21,0,22,69,48,99,99,1135608
Thailand,76.5,78,82.1,72.3,62.2,73.7,62.6,75.7,100,87.1,72,66.7,77.9,64.6,49.6,72.3,85.2,16.44,166.6,1.1,0,172,219.99,8,16.68,54.96,28,140795,98.8,98.8,98,2,2,2,1,0.57,100,100,53.4,1.067,1.604,3.45,107.5,3418,2696,4,1,1,2,60,2,64,94,76,92,2,54,2,93.8,7.9,2,2,2,60,32,20,20,54,2,2,0,0,2,2,1,0,2,1,2,501.3,70,51.4,7040,34.9,0,99.9,1.9,99.7,2.2,6,36,6.6,0.8,54.33,15.47,1,0,77.8,95,94,100,100,11478265
Trinidad & Tobago,67.8,72.9,79.6,42.2,63,77.2,43.6,71.6,99.1,86.4,66,36.7,47.7,74.6,48.8,65.6,83.5,26.92,142.1,0,4.3,43.65,80.94,14,12.85,37.4,28,186844,100,100,75,1,2,2,1,7.12,100,98.3,57.1,2.393,4.734,1.64,44,5082,3062,3,1,0,1,46,2,38,86,54.9,48,0,52,2,99,11,3,1,2,38,42,16,28,56,2,2,0,0,2,2,1,1,2,0,0,21.6,1.4,53.2,15420,40.3,0.8,100,64.1,87.8,2,7.2,40,5.6,0.7,0.97,0.41,0,4,70.6,76,76,93,89,376771
Tunisia,66.1,62.3,79.9,57.7,56.7,61.8,35.4,52,100,82,75.7,73.3,42,72.5,48.7,48.9,56.7,11.29,125.7,11.5,6.2,5.1,10.85,47,14.69,32.23,27,89876,99,99,95,0,1,2,0,0,100,100,35.5,1.263,3.007,2.98,55.2,3538,2108,4,2,1,1,32,1,46,94,54.6,28,0,46,2,79,7.2,3,3,2,34,62,22,18,46,0,0,0,0,2,2,0,1,2,1,0,44.3,11.9,69.6,3300,32.8,0,100,4.2,97.9,2.1,6.6,44,5,0.7,8.5,3.32,10,6,71.9,87,77,96,90,1334059
Turkey,75.7,69.1,79.8,83.2,75,68.1,40.1,68.3,100,85.7,68.1,93.3,73.1,80.6,62.1,82.2,90.7,19.84,97.4,6,4,13.93,38.71,24,15.83,43.08,32,135690,99.7,97.86,92.24,1,2,2,1,0.35,100,100,44.8,0.383,0.778,0.75,69.2,3400,4005,4,2,2,2,60,3,84,94,68.8,90,0,70,2,96.7,8.1,3,3,2,66,66,28,26,68,4,2,1,1,2,2,1,1,2,3,0,638.6,85,76.1,9050,41.9,0,100,0.8,86,2.8,4.5,40,6.2,0.8,65.51,18.83,5,4,77.7,84,79,100,96,16734853
UAE,79.5,83.4,77.3,84.2,60.6,85.2,73.6,74.9,100,95.5,41,80,88.4,82.5,64.8,34.4,99.8,32.81,185.8,-7.4,0,82.6,166.49,9,30.72,216.28,23,551176,100,100,99.82,2,2,0,3,1.98,100,100,83.7,0.31,0.716,0.6,317.1,5246,6838,4,0,2,2,51,3,68.6,98,78.2,80.4,2,66.7,3,97.6,12.1,3,2,2,60.8,62.7,43.1,35.3,68.6,2,2,0,0,0,1,0,0,2,3,0,436.5,10.1,87,39410,26,0,100,20.8,100,1.8,2.7,71,7.6,0.9,9.89,0,-6,0,100,81,87,100,100,3245123
Uganda,57.7,38.1,71.3,74,62.4,34.3,32.4,47.8,38,77.3,59.3,93.3,54.6,69.6,51.9,65.6,14.3,0.13,60.5,23.5,1,15.47,14.85,37,6.94,17.64,31,173193,98,85,31,1,2,1,1,0.21,66,16.9,31.2,6.129,2.043,32.6,44,4295,5536,4,2,2,2,34,2,38,88,34.9,44,0,54,3,76.5,6.2,3,3,2,44,52,30,22,52,1,0,0,1,2,2,1,1,2,1,0,40.8,47,25,800,42.8,13.1,41.3,0,12.4,2.2,4.9,27,5.4,0.4,9.1,36.64,16,1,19.9,68,52,100,99,58594
United Kingdom,82.6,79,89.6,82.2,76.7,84.1,44.6,87.4,100,98,72.8,86.7,77.8,85.5,57.9,86.7,95.2,40.26,116.4,0,-3.4,28.27,91.19,21,11.25,67.67,41,437535,99.9,99.9,99.9,2,2,2,3,2.49,100,100,93.6,0.181,0.508,2.06,235.3,2807,2020,4,1,2,2,54,3,34,86,93.6,84,2,22,3,100,13.2,3,2,2,56,50,30,24,70,4,2,1,1,2,3,1,1,0,3,2,3169,68.2,83.9,39830,35.1,0.2,100,16.9,100,1.7,8.5,77,7.8,0.9,64.37,3.52,0,-3,94.8,94,94,89,92,27330297
United States,83.9,80.1,86.9,90.5,76.4,78.4,53.2,88.9,100,99.3,62.1,100,81,92.2,53.6,83.3,88.1,36.61,106.2,-1.1,1,71.38,190.13,25,12.96,85.69,40,107854,99.9,99.9,99.9,2,2,2,3,3.97,100,100,100,0.741,0.953,1.01,545.5,3231,1613,4,3,2,2,54,3,46,80,91,82,2,42,3,100,13.4,3,3,2,58,30,28,22,68,3,2,0,1,2,3,1,1,0,3,2,22752,332.9,82.7,64530,41.4,0.9,100,6.4,100,2.3,7.9,67,8.3,0.9,300.88,30.12,-1,1,90.9,93,94,96,95,121176000
Uzbekistan,69.1,66.3,69.3,76.4,64.7,64.4,36.8,64.1,100,77.5,52.9,80,72.8,66.1,74.5,53.3,93.6,14.4,99.8,13.3,9.6,44.18,44.65,23,8.8,16.69,34,50427,99.3,90,65.9,2,2,2,0,1.18,100,100,13,0.534,0.96,2.04,138.4,2575,8062,4,3,1,1,58,3,58,94,37,82,2,54,3,100,11.8,1,2,2,76,78,52,38,80,0,0,0,0,0,3,1,1,2,1,0,63.8,33.9,50.4,1740,35.3,21.8,100,0,88,2.1,2.1,26,4.6,0.7,23.8,9.67,10,9,71.1,75,65,94,85,4820009
Venezuela,63.2,56.2,71,77.3,39.4,44.1,27.3,54,99.4,84.9,43.2,86.7,68,49.7,28.4,40,33.5,9.01,58.2,13.5,-2.4,14.74,17.8,67,4.46,7.55,50,21901,92,82,65,0,2,2,1,0,100,98.9,54.6,3.51,5.357,4.09,79.1,4763,8799,4,1,2,1,51.3,2,52.9,91.3,48,55.7,2,59.6,3,97.1,10.3,1,0,0,55.9,45.9,34.9,27.1,63.2,0,0,0,0,2,0,1,0,2,0,0,74.5,29,88.3,3380,39,3.8,100,6.2,14.6,2.9,2.8,15,3,0.5,19.23,11.99,10,-2,61.6,74,64,82,84,2561556
Vietnam,74.7,69.8,77.2,86.3,64.1,73.2,48.8,57.8,99.3,82.5,66.7,100,72.5,51.5,74.2,66.7,76.4,17.16,142.7,-3.8,0,70.23,77.28,8,19.3,40.95,27,203435,99.8,99.8,99.5,1,2,0,1,0.1,100,98.7,33.1,0.945,0.378,3.68,138.4,3770,3402,4,3,2,2,68,2,70,94,61.6,88,2,54,1,95.8,8.3,1,1,2,78,82,48,46,70,2,2,0,0,1,3,1,1,2,1,0,290.5,98.2,37.3,2650,35.7,0.3,99.4,0.7,100,1.8,2.9,36,5.8,0.7,68.43,28.91,-3,0,70.3,79,82,100,100,16699249
Zambia,56.3,42.1,75.5,55.5,57.4,44.4,30.7,54.6,38.8,82.3,61.9,70,40.9,62.8,45.9,63.3,20.9,0.45,103.9,24.7,0,13.43,14.83,55,8.4,15.4,39,31376,98.04,94.17,88.37,1,0,2,1,0,76.3,6.3,41.2,2.618,2.618,13.79,44,3646,5536,3,0,2,1,52,1,56,90,30,34,0,70,1,86.7,7.2,3,1,2,30,54,28,14,42,1,0,0,1,1,3,1,1,2,1,0,25.8,18.9,44.6,1160,57.1,30.7,43,0,7,2,4.9,33,5,0.4,3.64,14.74,21,0,19.8,85,64,99,99,82317
Zimbabwe,53.8,48.3,64.8,47.3,55.9,47.1,30.1,54.6,61.3,69.1,56.2,50,44.6,78.5,50.2,38.9,50.1,1.37,88.8,22.2,5.2,15.73,16.13,46,7.03,13.76,50,36664,93.44,84.28,35,1,2,2,1,0.66,88.8,36.2,9.2,4.256,15.08,10.04,5.2,5242,5692,3,0,1,1,32,1,54,92,30.5,54,0,68,2,88.7,8.5,3,3,2,40,34,44,22,52,0,0,0,0,0,2,1,0,2,1,0,14.8,15.1,32.2,1140,50.3,13.4,41.09,0,39.6,2.5,3.2,24,3.5,0.5,4.35,10.51,12,5,29.3,54,42,97,92,203461